name,code,series_code,series,1960,1961,1962,1963,1964,1965,1966,1967,1968,1969,1970,1971,1972,1973,1974,1975,1976,1977,1978,1979,1980,1981,1982,1983,1984,1985,1986,1987,1988,1989,1990,1991,1992,1993,1994,1995,1996,1997,1998,1999,2000,2001,2002,2003,2004,2005,2006,2007,2008,2009,2010,2011,2012,2013,2014,2015,2016,2017
Afghanistan,AFG,arms_exp,Arms exports (SIPRI trend indicator values),..,..,..,..,..,..,..,..,..,..,..,..,..,..,..,..,..,..,..,..,..,..,..,..,..,..,..,..,..,..,..,..,1000000,..,..,..,..,..,..,..,..,..,..,..,..,..,..,..,..,..,..,..,..,..,..,..,..,..
Albania,ALB,arms_exp,Arms exports (SIPRI trend indicator values),..,..,..,..,..,..,..,..,..,..,..,..,..,..,..,..,..,..,..,..,..,..,..,..,..,..,..,..,..,..,..,..,..,..,..,..,..,..,..,..,..,..,..,..,..,..,..,..,..,..,..,0,..,..,..,..,..,..
Algeria,DZA,arms_exp,Arms exports (SIPRI trend indicator values),..,..,..,..,..,..,..,..,6000000,..,..,..,..,..,..,..,..,..,..,..,6000000,..,..,..,..,..,..,..,..,..,..,..,..,..,..,..,..,..,..,..,..,..,..,..,..,..,..,..,..,..,..,..,..,..,..,..,0,..
American Samoa,ASM,arms_exp,Arms exports (SIPRI trend indicator values),..,..,..,..,..,..,..,..,..,..,..,..,..,..,..,..,..,..,..,..,..,..,..,..,..,..,..,..,..,..,..,..,..,..,..,..,..,..,..,..,..,..,..,..,..,..,..,..,..,..,..,..,..,..,..,..,..,..
Andorra,AND,arms_exp,Arms exports (SIPRI trend indicator values),..,..,..,..,..,..,..,..,..,..,..,..,..,..,..,..,..,..,..,..,..,..,..,..,..,..,..,..,..,..,..,..,..,..,..,..,..,..,..,..,..,..,..,..,..,..,..,..,..,..,..,..,..,..,..,..,..,..
Angola,AGO,arms_exp,Arms exports (SIPRI trend indicator values),..,..,..,..,..,..,..,..,..,..,..,..,..,..,..,..,..,..,..,3000000,0,..,..,..,..,..,..,..,..,..,..,..,8000000,..,..,..,..,..,..,..,..,..,2000000,..,..,..,..,..,..,..,..,..,..,..,..,..,..,..
Antigua and Barbuda,ATG,arms_exp,Arms exports (SIPRI trend indicator values),..,..,..,..,..,..,..,..,..,..,..,..,..,..,..,..,..,..,..,..,..,..,..,..,..,..,..,..,..,..,..,..,..,..,..,..,..,..,..,..,..,..,..,..,..,..,..,..,..,..,..,..,..,..,..,..,..,..
Arab World,ARB,arms_exp,Arms exports (SIPRI trend indicator values),3000000,0,9000000,8000000,2000000,..,13000000,12000000,35000000,21000000,53000000,..,2000000,..,..,..,4000000,..,..,..,..,217000000,..,..,98000000,..,..,..,..,..,..,..,..,..,..,..,..,..,..,..,..,..,..,..,..,..,..,..,..,..,..,..,..,..,..,..,..,156000000
Argentina,ARG,arms_exp,Arms exports (SIPRI trend indicator values),..,..,6000000,..,4000000,..,..,0,8000000,..,0,..,11000000,..,..,..,1000000,..,..,8000000,1000000,24000000,3000000,1000000,..,..,..,4000000,1000000,..,6000000,0,..,11000000,4000000,5000000,..,..,..,..,2000000,6000000,2000000,..,..,..,2000000,..,..,..,..,1000000,..,..,..,..,..,..
Armenia,ARM,arms_exp,Arms exports (SIPRI trend indicator values),..,..,..,..,..,..,..,..,..,..,..,..,..,..,..,..,..,..,..,..,..,..,..,..,..,..,..,..,..,..,..,..,..,..,..,..,..,..,..,..,..,..,..,..,..,..,..,..,..,..,..,..,..,..,..,..,..,..
Aruba,ABW,arms_exp,Arms exports (SIPRI trend indicator values),..,..,..,..,..,..,..,..,..,..,..,..,..,..,..,..,..,..,..,..,..,..,..,..,..,..,..,..,..,..,..,..,..,..,..,..,18000000,..,..,..,..,..,..,..,..,..,..,..,..,..,..,..,..,..,..,..,..,..
Australia,AUS,arms_exp,Arms exports (SIPRI trend indicator values),..,2000000,2000000,..,..,..,..,..,..,26000000,17000000,36000000,6000000,72000000,92000000,131000000,113000000,62000000,21000000,22000000,15000000,15000000,24000000,31000000,62000000,13000000,57000000,89000000,18000000,18000000,158000000,85000000,..,30000000,36000000,36000000,16000000,20000000,4000000,..,..,43000000,47000000,44000000,2000000,49000000,14000000,18000000,25000000,80000000,115000000,143000000,45000000,54000000,97000000,87000000,134000000,97000000
Austria,AUT,arms_exp,Arms exports (SIPRI trend indicator values),..,..,..,..,0,0,1000000,1000000,1000000,1000000,1000000,1000000,1000000,1000000,0,0,..,..,37000000,126000000,54000000,70000000,60000000,56000000,58000000,348000000,40000000,30000000,12000000,12000000,30000000,20000000,20000000,10000000,17000000,..,18000000,1000000,29000000,23000000,24000000,17000000,83000000,3000000,3000000,4000000,63000000,100000000,15000000,42000000,48000000,51000000,24000000,29000000,15000000,10000000,15000000,22000000
Azerbaijan,AZE,arms_exp,Arms exports (SIPRI trend indicator values),..,..,..,..,..,..,..,..,..,..,..,..,..,..,..,..,..,..,..,..,..,..,..,..,..,..,..,..,..,..,..,..,..,..,..,..,..,..,..,..,..,..,..,..,..,..,..,..,..,..,..,..,..,..,..,..,..,..
"Bahamas, The",BHS,arms_exp,Arms exports (SIPRI trend indicator values),..,..,..,..,..,..,..,..,..,..,..,..,..,..,..,..,..,..,..,..,..,..,..,..,..,..,..,..,..,..,..,..,..,..,..,..,..,..,..,..,..,..,..,..,..,..,..,..,..,..,..,..,..,..,..,0,..,..
Bahrain,BHR,arms_exp,Arms exports (SIPRI trend indicator values),..,..,..,..,..,..,..,..,..,..,..,..,..,..,..,..,..,..,..,..,..,..,..,..,..,..,..,..,..,..,..,..,..,..,..,..,..,..,..,..,..,2000000,..,..,..,..,..,..,..,..,..,..,..,..,..,..,..,..
Bangladesh,BGD,arms_exp,Arms exports (SIPRI trend indicator values),..,..,..,..,..,..,..,..,..,..,..,..,..,..,..,..,..,..,..,..,..,..,..,..,2000000,..,..,..,..,..,..,..,..,..,..,..,..,..,..,..,..,..,..,..,..,..,..,..,..,..,..,..,..,..,..,..,..,..
Barbados,BRB,arms_exp,Arms exports (SIPRI trend indicator values),..,..,..,..,..,..,..,..,..,..,..,..,..,..,..,..,..,..,..,..,..,..,..,..,..,..,..,..,..,..,..,..,..,..,..,..,..,..,..,..,..,..,..,..,..,..,..,..,..,..,..,..,..,..,..,..,..,..
Belarus,BLR,arms_exp,Arms exports (SIPRI trend indicator values),..,..,..,..,..,..,..,..,..,..,..,..,..,..,..,..,..,..,..,..,..,..,..,..,..,..,..,..,..,..,..,..,..,8000000,..,7000000,129000000,341000000,63000000,452000000,293000000,49000000,63000000,57000000,19000000,53000000,43000000,6000000,224000000,41000000,159000000,96000000,65000000,268000000,68000000,142000000,152000000,23000000
Belgium,BEL,arms_exp,Arms exports (SIPRI trend indicator values),3000000,0,2000000,1000000,1000000,..,12000000,..,..,5000000,..,..,..,..,..,..,..,..,2000000,3000000,1000000,19000000,41000000,89000000,115000000,3000000,19000000,..,18000000,36000000,1000000,1000000,..,..,33000000,167000000,59000000,93000000,46000000,45000000,26000000,37000000,35000000,15000000,47000000,159000000,59000000,19000000,217000000,243000000,9000000,111000000,22000000,55000000,10000000,12000000,7000000,12000000
Belize,BLZ,arms_exp,Arms exports (SIPRI trend indicator values),..,..,..,..,..,..,..,..,..,..,..,..,..,..,..,..,..,..,..,..,..,..,..,..,..,..,..,..,..,..,..,..,..,..,..,..,..,..,..,..,..,..,..,..,..,..,..,..,..,..,..,..,..,..,..,..,..,..
Benin,BEN,arms_exp,Arms exports (SIPRI trend indicator values),..,..,..,..,..,..,..,..,..,..,..,..,..,..,..,..,..,..,..,..,..,..,..,..,..,..,..,..,..,..,..,..,..,..,..,..,..,..,..,..,..,..,..,..,..,..,..,..,..,..,..,..,..,..,..,..,..,..
Bermuda,BMU,arms_exp,Arms exports (SIPRI trend indicator values),..,..,..,..,..,..,..,..,..,..,..,..,..,..,..,..,..,..,..,..,..,..,..,..,..,..,..,..,..,..,..,..,..,..,..,..,..,..,..,..,..,..,..,..,..,..,..,..,..,..,..,..,..,..,..,..,..,..
Bhutan,BTN,arms_exp,Arms exports (SIPRI trend indicator values),..,..,..,..,..,..,..,..,..,..,..,..,..,..,..,..,..,..,..,..,..,..,..,..,..,..,..,..,..,..,..,..,..,..,..,..,..,..,..,..,..,..,..,..,..,..,..,..,..,..,..,..,..,..,..,..,..,..
Bolivia,BOL,arms_exp,Arms exports (SIPRI trend indicator values),..,..,..,..,..,..,..,..,..,..,..,..,..,..,..,..,..,..,..,..,..,..,..,..,..,..,..,..,..,..,..,..,..,..,..,..,..,..,..,..,..,..,..,..,..,..,..,..,..,..,..,..,..,..,..,..,..,..
Bosnia and Herzegovina,BIH,arms_exp,Arms exports (SIPRI trend indicator values),..,..,..,..,..,..,..,..,..,..,..,..,..,..,..,..,..,..,..,..,..,..,..,..,..,..,..,..,..,..,..,..,..,..,..,..,..,..,..,..,..,..,4000000,..,..,..,..,..,..,..,..,14000000,..,3000000,..,..,..,..
Botswana,BWA,arms_exp,Arms exports (SIPRI trend indicator values),..,..,..,..,..,..,..,..,..,..,..,..,..,..,..,..,..,..,..,..,..,..,..,..,..,..,..,..,..,..,..,..,..,..,..,..,..,..,..,..,..,..,..,..,..,..,..,..,..,..,..,..,4000000,4000000,..,..,..,..
Brazil,BRA,arms_exp,Arms exports (SIPRI trend indicator values),2000000,12000000,..,..,..,..,..,..,..,3000000,..,0,..,..,32000000,59000000,104000000,145000000,179000000,70000000,156000000,62000000,122000000,196000000,269000000,205000000,151000000,179000000,216000000,47000000,96000000,114000000,91000000,36000000,54000000,33000000,23000000,23000000,16000000,..,..,..,26000000,..,46000000,1000000,44000000,53000000,92000000,43000000,151000000,31000000,33000000,40000000,42000000,41000000,111000000,45000000
British Virgin Islands,VGB,arms_exp,Arms exports (SIPRI trend indicator values),..,..,..,..,..,..,..,..,..,..,..,..,..,..,..,..,..,..,..,..,..,..,..,..,..,..,..,..,..,..,..,..,..,..,..,..,..,..,..,..,..,..,..,..,..,..,..,..,..,..,..,..,..,..,..,..,..,..
Brunei Darussalam,BRN,arms_exp,Arms exports (SIPRI trend indicator values),..,..,..,..,..,..,..,..,..,..,..,..,..,..,..,..,..,..,..,..,..,..,..,..,..,..,..,..,..,..,..,..,..,..,..,..,..,..,..,..,..,..,..,..,..,..,..,..,..,..,..,24000000,..,..,..,..,12000000,..
Bulgaria,BGR,arms_exp,Arms exports (SIPRI trend indicator values),..,..,..,..,..,..,..,..,..,..,..,..,..,..,..,..,..,..,..,..,..,..,..,4000000,..,..,106000000,..,..,5000000,6000000,42000000,16000000,28000000,55000000,1000000,21000000,6000000,39000000,167000000,2000000,10000000,32000000,44000000,19000000,86000000,5000000,9000000,4000000,16000000,4000000,2000000,13000000,21000000,14000000,70000000,61000000,..
Burkina Faso,BFA,arms_exp,Arms exports (SIPRI trend indicator values),..,..,..,..,..,..,..,..,..,..,..,..,..,..,..,..,..,..,..,..,..,..,..,..,..,..,..,..,..,..,..,..,..,..,..,..,..,..,..,..,..,..,..,..,..,..,..,..,..,..,..,..,..,..,..,..,..,..
Burundi,BDI,arms_exp,Arms exports (SIPRI trend indicator values),..,..,..,..,..,..,..,..,..,..,..,..,..,..,..,..,..,..,..,..,..,..,..,..,..,..,..,..,..,..,..,..,..,..,..,..,..,..,..,..,..,..,..,..,..,..,..,..,..,..,..,..,..,..,..,..,..,..
Cabo Verde,CPV,arms_exp,Arms exports (SIPRI trend indicator values),..,..,..,..,..,..,..,..,..,..,..,..,..,..,..,..,..,..,..,..,..,..,..,..,..,..,..,..,..,..,..,..,..,..,..,..,..,..,..,..,..,..,..,..,..,..,..,..,..,..,..,..,..,..,..,..,..,..
Cambodia,KHM,arms_exp,Arms exports (SIPRI trend indicator values),..,..,..,..,..,..,..,..,..,..,..,..,..,..,..,..,..,..,..,..,..,..,..,..,..,..,..,..,..,..,..,..,..,0,0,0,..,..,..,..,1000000,..,..,..,..,..,..,..,..,..,..,..,..,..,..,..,..,..
Cameroon,CMR,arms_exp,Arms exports (SIPRI trend indicator values),..,..,..,..,..,..,..,..,..,..,..,..,..,..,..,..,..,..,..,..,..,..,..,..,..,..,..,..,..,..,..,..,..,..,..,..,..,..,..,..,..,..,..,..,..,..,..,..,..,..,..,..,..,..,..,..,..,..
Canada,CAN,arms_exp,Arms exports (SIPRI trend indicator values),50000000,311000000,188000000,213000000,252000000,111000000,101000000,52000000,197000000,166000000,196000000,293000000,327000000,130000000,121000000,148000000,329000000,169000000,190000000,195000000,161000000,130000000,259000000,120000000,108000000,100000000,267000000,272000000,153000000,49000000,101000000,121000000,143000000,146000000,167000000,263000000,159000000,95000000,40000000,79000000,74000000,129000000,178000000,278000000,278000000,235000000,236000000,333000000,238000000,186000000,244000000,321000000,339000000,262000000,247000000,356000000,144000000,87000000
Caribbean small states,CSS,arms_exp,Arms exports (SIPRI trend indicator values),..,..,..,..,..,..,..,..,..,..,..,..,..,..,..,..,..,..,..,..,..,..,..,..,..,..,..,..,..,..,..,..,..,..,..,..,..,..,..,..,..,..,..,..,..,..,..,..,..,..,..,..,..,..,..,..,..,..
Cayman Islands,CYM,arms_exp,Arms exports (SIPRI trend indicator values),..,..,..,..,..,..,..,..,..,..,..,..,..,..,..,..,..,..,..,..,..,..,..,..,..,..,..,..,..,..,..,..,..,..,..,..,..,..,..,..,..,..,..,..,..,..,..,..,..,..,..,..,..,..,..,..,..,..
Central African Republic,CAF,arms_exp,Arms exports (SIPRI trend indicator values),..,..,..,..,..,..,..,..,..,..,..,..,..,..,..,..,..,..,..,..,..,..,..,..,..,..,..,..,..,..,..,..,..,..,..,..,..,..,..,..,..,..,..,..,..,..,..,..,..,..,..,..,..,..,..,..,..,..
Central Europe and the Baltics,CEB,arms_exp,Arms exports (SIPRI trend indicator values),5000000,5000000,12000000,111000000,237000000,234000000,337000000,327000000,325000000,351000000,268000000,280000000,289000000,211000000,241000000,..,..,..,344000000,273000000,259000000,406000000,306000000,224000000,..,..,399000000,..,..,50000000,118000000,102000000,..,..,581000000,432000000,264000000,141000000,..,..,173000000,..,217000000,..,..,259000000,346000000,267000000,..,..,..,..,157000000,354000000,..,..,..,..
Chad,TCD,arms_exp,Arms exports (SIPRI trend indicator values),..,..,..,..,..,..,..,..,..,..,..,..,..,..,..,..,..,..,..,..,..,..,..,..,..,..,..,20000000,..,..,..,..,..,..,..,..,..,..,..,..,..,..,..,..,..,..,..,..,..,..,..,..,..,..,..,..,..,..
Channel Islands,CHI,arms_exp,Arms exports (SIPRI trend indicator values),..,..,..,..,..,..,..,..,..,..,..,..,..,..,..,..,..,..,..,..,..,..,..,..,..,..,..,..,..,..,..,..,..,..,..,..,..,..,..,..,..,..,..,..,..,..,..,..,..,..,..,..,..,..,..,..,..,..
Chile,CHL,arms_exp,Arms exports (SIPRI trend indicator values),..,..,..,..,..,..,..,..,..,..,..,..,..,..,..,0,..,..,0,..,0,0,..,1000000,..,..,3000000,3000000,4000000,4000000,..,3000000,1000000,..,..,..,29000000,..,2000000,1000000,1000000,..,1000000,..,..,..,..,..,100000000,..,..,..,..,..,20000000,..,..,0
China,CHN,arms_exp,Arms exports (SIPRI trend indicator values),285000000,35000000,51000000,11000000,61000000,419000000,619000000,410000000,730000000,657000000,893000000,1292000000,1238000000,674000000,511000000,668000000,586000000,224000000,617000000,560000000,949000000,642000000,1504000000,1773000000,1929000000,1263000000,1862000000,2606000000,1409000000,1040000000,941000000,1315000000,703000000,1436000000,1111000000,1013000000,772000000,435000000,353000000,332000000,302000000,515000000,526000000,700000000,413000000,286000000,670000000,510000000,649000000,1140000000,1479000000,1253000000,1509000000,2006000000,1152000000,1832000000,2192000000,1131000000
Colombia,COL,arms_exp,Arms exports (SIPRI trend indicator values),..,..,..,..,..,..,..,..,..,..,..,..,..,..,..,..,..,..,..,..,..,..,..,..,..,..,..,..,..,..,..,..,..,..,..,..,..,..,..,..,..,..,5000000,..,..,..,..,..,..,..,..,..,0,..,..,..,..,10000000
Comoros,COM,arms_exp,Arms exports (SIPRI trend indicator values),..,..,..,..,..,..,..,..,..,..,..,..,..,..,..,..,..,..,..,..,..,..,..,..,..,..,..,..,..,..,..,..,..,..,..,..,..,..,..,..,..,..,..,..,..,..,..,..,..,..,..,..,..,..,..,..,..,..
"Congo, Dem. Rep.",COD,arms_exp,Arms exports (SIPRI trend indicator values),..,..,..,..,..,..,..,..,..,..,..,..,..,..,..,..,..,..,..,1000000,..,..,..,..,..,..,..,..,..,..,..,..,..,..,..,..,..,22000000,..,..,..,..,..,..,..,..,..,..,..,..,..,..,..,..,..,..,..,..
"Congo, Rep.",COG,arms_exp,Arms exports (SIPRI trend indicator values),..,..,..,..,..,..,..,..,..,..,..,..,..,..,..,..,..,..,..,..,..,..,..,..,..,..,..,..,..,..,..,..,..,..,..,..,..,..,..,..,..,..,..,..,..,..,..,..,..,..,..,..,..,..,..,..,..,..
Costa Rica,CRI,arms_exp,Arms exports (SIPRI trend indicator values),..,..,..,..,..,..,..,..,..,..,..,..,..,..,..,..,..,..,..,..,..,..,..,..,..,..,..,..,..,..,..,..,..,..,..,..,..,..,..,..,..,..,..,..,..,..,..,..,0,..,..,..,..,..,..,..,..,..
Cote d'Ivoire,CIV,arms_exp,Arms exports (SIPRI trend indicator values),..,..,..,..,..,..,..,..,..,..,..,1000000,..,..,..,..,..,..,..,..,..,..,..,..,..,..,..,..,..,..,..,..,..,..,..,..,..,..,..,..,..,..,..,..,..,..,..,..,..,..,..,..,..,..,..,..,..,..
Croatia,HRV,arms_exp,Arms exports (SIPRI trend indicator values),..,..,..,..,..,..,..,..,..,..,..,..,..,..,..,..,..,..,..,..,..,..,..,..,..,..,..,..,..,..,..,..,..,..,..,..,..,..,..,..,2000000,..,..,..,..,..,..,..,..,..,..,..,..,..,..,..,..,3000000
Cuba,CUB,arms_exp,Arms exports (SIPRI trend indicator values),..,..,..,..,..,..,..,..,..,..,..,..,..,..,..,1000000,..,..,12000000,10000000,8000000,..,..,..,..,..,..,..,..,..,..,..,..,..,..,..,..,..,..,..,..,..,..,..,..,..,..,..,..,..,..,..,..,..,..,..,..,..
Curacao,CUW,arms_exp,Arms exports (SIPRI trend indicator values),..,..,..,..,..,..,..,..,..,..,..,..,..,..,..,..,..,..,..,..,..,..,..,..,..,..,..,..,..,..,..,..,..,..,..,..,..,..,..,..,..,..,..,..,..,..,..,..,..,..,..,..,..,..,..,..,..,..
Cyprus,CYP,arms_exp,Arms exports (SIPRI trend indicator values),..,..,..,..,..,..,..,..,..,..,..,..,..,..,..,..,..,..,..,..,..,..,..,..,..,..,..,..,..,..,..,..,..,..,..,..,36000000,..,..,..,..,..,..,..,..,..,..,..,..,..,..,..,..,..,..,..,..,..
Czech Republic,CZE,arms_exp,Arms exports (SIPRI trend indicator values),..,..,..,..,..,..,..,..,..,..,..,..,..,..,..,..,..,..,..,..,..,..,..,..,..,..,..,..,..,..,..,..,..,202000000,320000000,143000000,126000000,24000000,21000000,57000000,81000000,88000000,60000000,64000000,1000000,70000000,44000000,32000000,32000000,23000000,5000000,11000000,8000000,41000000,27000000,138000000,133000000,110000000
Denmark,DNK,arms_exp,Arms exports (SIPRI trend indicator values),20000000,..,..,..,60000000,20000000,..,131000000,28000000,3000000,..,..,..,..,..,23000000,..,..,..,..,18000000,29000000,64000000,115000000,..,..,..,117000000,40000000,..,72000000,10000000,..,183000000,272000000,16000000,..,..,1000000,6000000,20000000,1000000,10000000,5000000,..,..,9000000,6000000,17000000,14000000,8000000,21000000,33000000,9000000,17000000,25000000,26000000,12000000
Djibouti,DJI,arms_exp,Arms exports (SIPRI trend indicator values),..,..,..,..,..,..,..,..,..,..,..,..,..,..,..,..,..,..,..,..,..,..,..,..,..,..,..,..,..,..,..,..,..,..,..,..,..,..,..,..,..,..,..,..,..,..,..,..,..,..,..,..,..,..,..,..,..,..
Dominica,DMA,arms_exp,Arms exports (SIPRI trend indicator values),..,..,..,..,..,..,..,..,..,..,..,..,..,..,..,..,..,..,..,..,..,..,..,..,..,..,..,..,..,..,..,..,..,..,..,..,..,..,..,..,..,..,..,..,..,..,..,..,..,..,..,..,..,..,..,..,..,..
Dominican Republic,DOM,arms_exp,Arms exports (SIPRI trend indicator values),..,..,..,..,..,..,..,..,..,..,..,..,..,..,..,..,..,..,..,..,..,..,..,..,..,..,..,..,..,..,..,..,..,..,..,..,..,..,..,..,..,..,..,..,..,..,..,..,..,..,..,..,..,..,..,..,..,4000000
Early-demographic dividend,EAR,arms_exp,Arms exports (SIPRI trend indicator values),27000000,33000000,..,..,..,..,..,58000000,..,70000000,..,..,164000000,..,..,..,..,..,..,..,..,..,..,..,..,..,..,..,..,..,..,..,..,..,..,..,..,..,..,..,..,..,..,..,..,..,..,..,..,..,..,..,..,..,..,..,..,..
East Asia & Pacific,EAS,arms_exp,Arms exports (SIPRI trend indicator values),286000000,98000000,153000000,26000000,75000000,..,..,423000000,..,..,..,..,..,..,..,..,..,..,..,791000000,..,..,..,..,..,..,..,..,..,1308000000,1255000000,..,..,..,..,..,1051000000,614000000,..,..,..,..,..,..,..,..,..,..,..,..,..,..,..,..,..,..,..,1927000000
East Asia & Pacific (excluding high income),EAP,arms_exp,Arms exports (SIPRI trend indicator values),285000000,35000000,51000000,18000000,61000000,419000000,619000000,410000000,730000000,657000000,905000000,..,..,..,..,..,..,..,..,..,..,..,..,..,..,..,..,..,..,..,..,..,..,..,..,1079000000,..,..,..,447000000,..,..,..,841000000,492000000,314000000,805000000,534000000,670000000,1160000000,1479000000,1261000000,1509000000,2006000000,1153000000,1832000000,2288000000,..
East Asia & Pacific (IDA & IBRD countries),TEA,arms_exp,Arms exports (SIPRI trend indicator values),285000000,35000000,51000000,18000000,61000000,419000000,619000000,410000000,730000000,657000000,905000000,..,..,..,..,..,..,..,..,..,..,..,..,..,..,..,..,..,..,..,..,..,..,..,..,1038000000,..,..,..,392000000,..,..,..,707000000,445000000,294000000,785000000,514000000,650000000,1140000000,1479000000,1261000000,1509000000,2006000000,1152000000,1832000000,2288000000,..
Ecuador,ECU,arms_exp,Arms exports (SIPRI trend indicator values),..,..,..,..,..,..,..,..,..,..,..,..,..,..,..,..,..,..,..,..,..,..,..,..,..,..,..,..,..,..,..,..,..,..,..,..,..,..,..,..,..,..,..,..,..,..,..,..,..,..,..,..,..,..,6000000,..,..,..
"Egypt, Arab Rep.",EGY,arms_exp,Arms exports (SIPRI trend indicator values),..,0,7000000,8000000,2000000,..,13000000,3000000,26000000,15000000,39000000,..,..,..,..,16000000,..,69000000,80000000,13000000,29000000,77000000,80000000,70000000,36000000,5000000,19000000,61000000,65000000,63000000,20000000,..,13000000,22000000,15000000,9000000,5000000,5000000,..,..,..,..,..,..,..,..,..,..,..,..,..,..,..,..,7000000,22000000,..,..
El Salvador,SLV,arms_exp,Arms exports (SIPRI trend indicator values),..,..,..,..,..,..,..,..,..,..,..,..,..,..,..,..,..,..,..,..,..,..,..,..,..,..,..,..,..,..,..,1000000,..,..,..,..,..,..,..,..,..,..,..,..,..,..,..,..,..,..,..,..,..,..,..,..,..,..
Equatorial Guinea,GNQ,arms_exp,Arms exports (SIPRI trend indicator values),..,..,..,..,..,..,..,..,..,..,..,..,..,..,..,..,..,..,..,..,..,..,..,..,..,..,..,..,..,..,..,..,..,..,..,..,..,..,..,..,..,..,..,..,..,..,..,..,..,..,..,..,..,..,..,..,..,..
Eritrea,ERI,arms_exp,Arms exports (SIPRI trend indicator values),..,..,..,..,..,..,..,..,..,..,..,..,..,..,..,..,..,..,..,..,..,..,..,..,..,..,..,..,..,..,..,..,..,..,..,..,..,..,2000000,0,..,..,..,..,..,..,0,..,..,..,..,..,..,..,..,..,..,..
Estonia,EST,arms_exp,Arms exports (SIPRI trend indicator values),..,..,..,..,..,..,..,..,..,..,..,..,..,..,..,..,..,..,..,..,..,..,..,..,..,..,..,..,..,..,..,..,..,..,..,..,8000000,..,..,..,..,..,..,..,..,..,..,..,..,..,..,..,..,..,..,0,..,..
Ethiopia,ETH,arms_exp,Arms exports (SIPRI trend indicator values),..,..,..,..,..,..,..,..,..,..,..,..,..,..,..,..,..,..,..,..,..,..,..,..,..,35000000,..,51000000,..,..,..,..,..,..,..,..,..,17000000,..,..,..,..,..,..,..,..,..,..,..,..,..,..,..,..,..,..,..,..
Euro area,EMU,arms_exp,Arms exports (SIPRI trend indicator values),1269000000,1310000000,1489000000,1691000000,2348000000,1943000000,2801000000,2591000000,2640000000,2681000000,3484000000,4401000000,4453000000,3663000000,3961000000,4655000000,4574000000,5490000000,6119000000,6275000000,7310000000,8474000000,8164000000,7936000000,7919000000,6833000000,5225000000,4047000000,4637000000,4585000000,4289000000,4540000000,3346000000,3534000000,4863000000,3578000000,4945000000,6052000000,6293000000,4832000000,3362000000,2961000000,3290000000,3956000000,4131000000,5597000000,7328000000,8530000000,6301000000,6816000000,4935000000,6231000000,4215000000,4378000000,5990000000,6244000000,6739000000,..
Europe & Central Asia,ECS,arms_exp,Arms exports (SIPRI trend indicator values),3959000000,3034000000,3215000000,3504000000,4518000000,4251000000,4981000000,5481000000,4826000000,4989000000,4919000000,7425000000,7309000000,6704000000,6703000000,7845000000,7972000000,8321000000,8947000000,8869000000,10115000000,12250000000,11706000000,11282000000,11413000000,9750000000,8257000000,8603000000,8379000000,8975000000,7066000000,6933000000,8013000000,9277000000,9267000000,9896000000,11335000000,13237000000,11143000000,12903000000,10862000000,11625000000,11251000000,11649000000,12682000000,13318000000,15277000000,16837000000,15465000000,14503000000,14248000000,18024000000,16166000000,15953000000,14673000000,15004000000,16969000000,15070000000
Europe & Central Asia (excluding high income),ECA,arms_exp,Arms exports (SIPRI trend indicator values),..,..,..,..,..,..,..,..,..,..,..,6000000,9000000,9000000,1000000,..,..,..,27000000,44000000,..,..,..,105000000,..,..,..,..,..,..,..,..,..,..,1834000000,4146000000,4017000000,4488000000,2861000000,5906000000,5186000000,5970000000,6298000000,5999000000,6693000000,5701000000,5928000000,6423000000,7047000000,5735000000,7064000000,9559000000,10110000000,9027000000,6132000000,6581000000,8099000000,6672000000
Europe & Central Asia (IDA & IBRD countries),TEC,arms_exp,Arms exports (SIPRI trend indicator values),5000000,5000000,12000000,111000000,237000000,234000000,319000000,309000000,288000000,323000000,268000000,280000000,281000000,167000000,233000000,..,..,..,344000000,273000000,278000000,387000000,..,220000000,..,..,399000000,..,..,..,..,..,..,..,1965000000,4322000000,4063000000,4509000000,2862000000,5970000000,5234000000,6051000000,6354000000,6080000000,6740000000,5719000000,6210000000,6586000000,7120000000,5810000000,7092000000,9567000000,10134000000,9169000000,6156000000,6592000000,8103000000,6675000000
European Union,EUU,arms_exp,Arms exports (SIPRI trend indicator values),3479000000,2534000000,2660000000,3112000000,4072000000,3702000000,4534000000,5080000000,4670000000,4832000000,4901000000,7375000000,7244000000,6640000000,6614000000,7442000000,7484000000,8053000000,8658000000,8262000000,9381000000,11372000000,11184000000,10902000000,10938000000,9392000000,7909000000,8241000000,8027000000,8587000000,6577000000,6331000000,4761000000,5508000000,7320000000,5600000000,7153000000,8629000000,8109000000,6902000000,5502000000,5416000000,4735000000,5433000000,5698000000,7448000000,9051000000,10089000000,7846000000,8403000000,6789000000,7990000000,5776000000,6706000000,8052000000,7821000000,8595000000,..
Faroe Islands,FRO,arms_exp,Arms exports (SIPRI trend indicator values),..,..,..,..,..,..,..,..,..,..,..,..,..,..,..,..,..,..,..,..,..,..,..,..,..,..,..,..,..,..,..,..,..,..,..,..,..,..,..,..,..,..,..,..,..,..,..,..,..,..,..,..,..,..,..,..,..,..
Fiji,FJI,arms_exp,Arms exports (SIPRI trend indicator values),..,..,..,..,..,..,..,..,..,..,..,..,..,..,..,..,..,..,..,..,..,..,..,..,10000000,..,..,..,..,..,..,..,..,..,..,..,..,..,..,..,..,..,..,..,..,..,..,..,..,..,..,..,..,..,..,..,..,..
Finland,FIN,arms_exp,Arms exports (SIPRI trend indicator values),60000000,1000000,1000000,..,..,1000000,86000000,33000000,33000000,33000000,2000000,39000000,30000000,..,63000000,63000000,..,..,63000000,63000000,..,..,20000000,..,..,..,..,..,1000000,..,..,22000000,11000000,17000000,26000000,26000000,9000000,10000000,34000000,28000000,12000000,33000000,34000000,40000000,34000000,51000000,137000000,77000000,79000000,51000000,60000000,40000000,102000000,75000000,91000000,23000000,66000000,58000000
Fragile and conflict affected situations,FCS,arms_exp,Arms exports (SIPRI trend indicator values),3000000,..,..,..,3000000,..,..,2000000,..,..,14000000,..,..,..,..,..,..,..,..,..,123000000,..,346000000,60000000,..,..,..,..,..,..,..,..,..,..,..,..,..,..,..,..,..,..,..,..,..,..,..,..,..,..,..,..,..,..,..,..,..,..
France,FRA,arms_exp,Arms exports (SIPRI trend indicator values),909000000,940000000,974000000,1232000000,1417000000,1196000000,1646000000,1533000000,1483000000,1460000000,1692000000,2298000000,2602000000,2881000000,2096000000,2184000000,2004000000,2674000000,3295000000,3010000000,3842000000,3785000000,3826000000,3455000000,3002000000,4019000000,3022000000,1799000000,1956000000,2197000000,1712000000,1111000000,1185000000,929000000,851000000,971000000,1892000000,3230000000,3145000000,1854000000,1113000000,1457000000,1474000000,1441000000,2324000000,1842000000,1706000000,2410000000,2007000000,1929000000,897000000,1758000000,1035000000,1492000000,1697000000,2077000000,2278000000,2162000000
French Polynesia,PYF,arms_exp,Arms exports (SIPRI trend indicator values),..,..,..,..,..,..,..,..,..,..,..,..,..,..,..,..,..,..,..,..,..,..,..,..,..,..,..,..,..,..,..,..,..,..,..,..,..,..,..,..,..,..,..,..,..,..,..,..,..,..,..,..,..,..,..,..,..,..
Gabon,GAB,arms_exp,Arms exports (SIPRI trend indicator values),..,..,..,..,..,..,..,..,..,..,..,..,..,1000000,..,..,..,..,..,..,..,..,..,..,..,..,..,..,..,..,..,..,..,..,..,..,..,..,..,..,..,..,..,..,..,..,..,..,..,..,..,..,..,..,..,..,..,..
"Gambia, The",GMB,arms_exp,Arms exports (SIPRI trend indicator values),..,..,..,..,..,..,..,..,..,..,..,..,..,..,..,..,..,..,..,..,..,..,..,..,..,..,..,..,..,..,..,..,..,..,..,..,..,..,..,..,..,..,..,..,..,..,..,..,..,..,..,..,..,..,..,..,..,..
Georgia,GEO,arms_exp,Arms exports (SIPRI trend indicator values),..,..,..,..,..,..,..,..,..,..,..,..,..,..,..,..,..,..,..,..,..,..,..,..,..,..,..,..,..,..,..,..,..,..,..,..,..,..,..,46000000,69000000,..,69000000,..,16000000,..,..,..,..,..,..,..,..,..,..,..,7000000,7000000
Germany,DEU,arms_exp,Arms exports (SIPRI trend indicator values),156000000,12000000,146000000,133000000,438000000,332000000,713000000,771000000,574000000,740000000,1434000000,1364000000,1377000000,226000000,1208000000,1446000000,1662000000,1862000000,1631000000,1431000000,1596000000,1940000000,1584000000,2297000000,2858000000,1283000000,1415000000,969000000,1388000000,1202000000,1816000000,2482000000,1437000000,1500000000,2800000000,1465000000,1950000000,939000000,1808000000,1857000000,1610000000,895000000,902000000,1660000000,1126000000,2068000000,2764000000,3310000000,2380000000,2521000000,2725000000,1351000000,847000000,738000000,1774000000,1769000000,2535000000,1653000000
Ghana,GHA,arms_exp,Arms exports (SIPRI trend indicator values),..,..,..,..,..,..,..,..,..,..,..,..,..,..,..,..,..,..,..,6000000,..,..,..,..,..,..,..,..,..,..,..,..,..,..,..,..,..,..,..,..,..,..,..,..,..,19000000,..,..,..,..,..,..,..,..,..,..,..,..
Gibraltar,GIB,arms_exp,Arms exports (SIPRI trend indicator values),..,..,..,..,..,..,..,..,..,..,..,..,..,..,..,..,..,..,..,..,..,..,..,..,..,..,..,..,..,..,..,..,..,..,..,..,..,..,..,..,..,..,..,..,..,..,..,..,..,..,..,..,..,..,..,..,..,..
Greece,GRC,arms_exp,Arms exports (SIPRI trend indicator values),..,..,..,..,7000000,1000000,..,..,..,..,..,..,..,..,..,..,..,..,..,..,..,..,..,..,..,..,..,..,..,..,..,..,15000000,10000000,18000000,..,19000000,31000000,9000000,3000000,2000000,2000000,..,6000000,22000000,13000000,23000000,..,..,..,..,..,..,..,..,..,..,30000000
Greenland,GRL,arms_exp,Arms exports (SIPRI trend indicator values),..,..,..,..,..,..,..,..,..,..,..,..,..,..,..,..,..,..,..,..,..,..,..,..,..,..,..,..,..,..,..,..,..,..,..,..,..,..,..,..,..,..,..,..,..,..,..,..,..,..,..,..,..,..,..,..,..,..
Grenada,GRD,arms_exp,Arms exports (SIPRI trend indicator values),..,..,..,..,..,..,..,..,..,..,..,..,..,..,..,..,..,..,..,..,..,..,..,..,..,..,..,..,..,..,..,..,..,..,..,..,..,..,..,..,..,..,..,..,..,..,..,..,..,..,..,..,..,..,..,..,..,..
Guam,GUM,arms_exp,Arms exports (SIPRI trend indicator values),..,..,..,..,..,..,..,..,..,..,..,..,..,..,..,..,..,..,..,..,..,..,..,..,..,..,..,..,..,..,..,..,..,..,..,..,..,..,..,..,..,..,..,..,..,..,..,..,..,..,..,..,..,..,..,..,..,..
Guatemala,GTM,arms_exp,Arms exports (SIPRI trend indicator values),..,..,..,..,..,..,..,..,..,..,..,..,..,..,..,..,..,..,..,..,..,..,..,..,..,..,..,..,..,..,..,..,..,..,..,..,..,..,..,..,..,..,..,..,..,..,..,..,..,..,..,..,..,..,..,..,..,..
Guinea,GIN,arms_exp,Arms exports (SIPRI trend indicator values),..,..,..,..,..,..,..,..,..,..,..,..,..,..,..,..,..,..,..,..,..,..,..,..,..,..,..,..,..,..,..,..,..,..,..,..,..,..,..,..,..,..,..,..,..,..,..,..,..,..,..,..,..,..,..,..,..,..
Guinea-Bissau,GNB,arms_exp,Arms exports (SIPRI trend indicator values),..,..,..,..,..,..,..,..,..,..,..,..,..,..,..,..,..,..,..,..,..,..,..,..,..,..,..,..,..,..,..,..,..,..,..,..,..,..,..,..,..,..,..,..,..,..,..,..,..,..,..,..,..,..,..,..,..,..
Guyana,GUY,arms_exp,Arms exports (SIPRI trend indicator values),..,..,..,..,..,..,..,..,..,..,..,..,..,..,..,..,2000000,..,..,..,..,..,..,..,..,..,..,..,..,..,..,..,..,..,..,..,..,..,..,..,..,..,..,..,..,..,..,..,..,..,..,..,..,..,..,..,..,..
Haiti,HTI,arms_exp,Arms exports (SIPRI trend indicator values),..,..,..,..,..,..,..,..,..,..,..,..,..,..,..,..,..,..,..,..,..,..,..,..,..,..,..,..,..,..,..,..,..,..,..,..,..,..,..,..,..,..,..,..,..,..,..,..,..,..,..,..,..,..,..,..,..,..
Heavily indebted poor countries (HIPC),HPC,arms_exp,Arms exports (SIPRI trend indicator values),..,..,..,..,..,..,..,1000000,0,..,..,..,..,..,..,..,..,..,..,..,..,..,..,..,..,..,..,..,..,..,..,..,..,..,..,..,..,..,..,..,..,..,..,..,..,..,..,..,..,..,..,..,..,..,..,..,..,..
High income,HIC,arms_exp,Arms exports (SIPRI trend indicator values),10071000000,9746000000,9469000000,12669000000,17024000000,15527000000,13505000000,12822000000,13497000000,17001000000,14152000000,19509000000,18756000000,18974000000,19283000000,24419000000,24214000000,23203000000,23450000000,19142000000,21525000000,26365000000,26237000000,25742000000,23829000000,20862000000,20669000000,21409000000,20537000000,20764000000,18283000000,19985000000,19935000000,20388000000,19657000000,17645000000,18940000000,23799000000,24435000000,18856000000,13783000000,12225000000,10725000000,12147000000,13880000000,15308000000,17712000000,19497000000,16068000000,16988000000,16522000000,18990000000,16394000000,15709000000,19155000000,19912000000,21614000000,22913000000
Honduras,HND,arms_exp,Arms exports (SIPRI trend indicator values),..,..,..,..,..,..,..,..,..,..,..,..,..,..,..,..,..,..,..,..,..,..,..,..,..,..,..,..,..,..,..,..,..,..,..,..,..,..,..,..,..,..,..,..,..,..,..,..,..,..,..,..,..,..,..,..,..,..
"Hong Kong SAR, China",HKG,arms_exp,Arms exports (SIPRI trend indicator values),..,..,..,..,..,..,..,..,..,..,..,..,..,..,..,..,..,..,..,..,..,..,..,..,..,..,..,..,..,..,..,..,..,..,..,..,..,..,..,..,..,..,..,..,..,..,..,..,..,..,..,..,..,..,..,..,..,..
Hungary,HUN,arms_exp,Arms exports (SIPRI trend indicator values),..,..,..,..,..,..,18000000,18000000,37000000,28000000,..,..,8000000,44000000,8000000,8000000,..,..,..,..,4000000,30000000,4000000,4000000,..,..,..,..,..,..,..,..,..,21000000,..,6000000,..,24000000,..,..,..,..,34000000,..,..,82000000,..,9000000,..,..,..,..,..,41000000,..,..,..,..
IBRD only,IBD,arms_exp,Arms exports (SIPRI trend indicator values),328000000,85000000,..,..,..,..,..,755000000,..,1035000000,..,..,..,..,..,..,..,..,..,..,..,..,..,..,..,..,..,..,..,..,..,..,..,..,..,5371000000,..,..,..,..,..,..,..,..,7366000000,..,7337000000,..,8150000000,7039000000,..,10800000000,..,..,7644000000,..,10558000000,..
Iceland,ISL,arms_exp,Arms exports (SIPRI trend indicator values),..,..,..,..,..,..,..,..,..,..,..,..,..,..,..,..,..,..,..,..,0,..,..,..,..,..,..,..,..,..,..,..,..,5000000,..,..,..,..,..,..,..,..,..,..,..,..,..,..,..,..,..,..,..,..,..,..,..,..
IDA & IBRD total,IBT,arms_exp,Arms exports (SIPRI trend indicator values),328000000,85000000,..,..,..,..,..,762000000,..,1035000000,..,..,..,..,..,..,..,..,..,..,..,..,..,..,..,..,..,..,..,..,..,..,..,..,..,..,..,..,..,..,..,..,..,..,..,..,7365000000,..,..,..,..,..,..,..,..,..,10632000000,..
IDA blend,IDB,arms_exp,Arms exports (SIPRI trend indicator values),..,..,..,..,3000000,..,..,6000000,..,..,..,3000000,..,..,..,..,..,..,..,..,..,..,..,..,..,..,..,..,..,..,..,..,..,..,..,..,..,..,..,..,..,..,..,..,..,..,..,..,..,..,..,..,..,..,..,..,..,..
IDA only,IDX,arms_exp,Arms exports (SIPRI trend indicator values),..,..,..,..,..,..,..,1000000,0,..,14000000,..,..,..,..,..,..,..,..,..,..,..,..,..,..,..,..,..,..,..,..,..,..,..,..,..,..,..,..,..,..,..,..,..,..,..,..,..,..,..,..,..,..,..,..,..,..,..
IDA total,IDA,arms_exp,Arms exports (SIPRI trend indicator values),..,..,..,..,3000000,..,..,7000000,0,..,14000000,..,..,..,..,..,..,..,..,..,..,..,..,..,..,..,..,..,..,..,..,..,..,..,..,..,..,..,..,..,..,..,..,..,..,..,..,..,..,..,..,..,..,..,..,..,..,..
India,IND,arms_exp,Arms exports (SIPRI trend indicator values),..,..,..,..,..,..,..,..,1000000,..,..,6000000,2000000,21000000,24000000,31000000,..,..,27000000,22000000,..,..,2000000,..,..,..,..,0,1000000,0,3000000,0,1000000,9000000,2000000,2000000,0,0,0,0,21000000,2000000,0,4000000,27000000,19000000,33000000,23000000,15000000,27000000,5000000,3000000,..,14000000,36000000,42000000,42000000,56000000
Indonesia,IDN,arms_exp,Arms exports (SIPRI trend indicator values),..,..,..,7000000,..,..,..,..,..,..,12000000,..,..,..,..,..,..,..,9000000,..,4000000,..,..,..,..,8000000,4000000,..,..,..,..,..,..,16000000,16000000,25000000,..,8000000,..,49000000,..,16000000,49000000,..,25000000,8000000,8000000,..,1000000,..,..,8000000,..,..,..,..,94000000,102000000
"Iran, Islamic Rep.",IRN,arms_exp,Arms exports (SIPRI trend indicator values),..,..,3000000,..,..,..,..,28000000,..,..,23000000,6000000,106000000,6000000,129000000,81000000,..,..,..,..,0,0,0,0,1000000,1000000,1000000,1000000,1000000,1000000,0,1000000,1000000,1000000,0,1000000,2000000,0,0,0,0,0,3000000,9000000,1000000,2000000,75000000,..,43000000,45000000,45000000,86000000,21000000,12000000,47000000,15000000,5000000,10000000
Iraq,IRQ,arms_exp,Arms exports (SIPRI trend indicator values),3000000,..,..,..,..,..,..,..,..,..,..,..,..,..,..,..,..,..,..,..,28000000,..,..,..,..,..,..,..,168000000,20000000,..,..,..,..,..,..,..,..,..,..,..,..,..,..,..,..,..,..,..,..,..,..,..,..,..,..,..,..
Ireland,IRL,arms_exp,Arms exports (SIPRI trend indicator values),..,..,..,..,..,..,..,..,..,..,..,..,..,..,..,..,..,..,2000000,9000000,9000000,2000000,..,..,..,..,..,..,..,..,..,..,..,..,..,..,..,..,..,..,..,..,..,..,..,15000000,30000000,29000000,26000000,26000000,25000000,1000000,25000000,26000000,13000000,..,..,..
Isle of Man,IMN,arms_exp,Arms exports (SIPRI trend indicator values),..,..,..,..,..,..,..,..,..,..,..,..,..,..,..,..,..,..,..,..,..,..,..,..,..,..,..,..,..,..,..,..,..,..,..,..,..,..,..,..,..,..,..,..,..,..,..,..,..,..,..,..,..,..,..,..,..,..
Israel,ISR,arms_exp,Arms exports (SIPRI trend indicator values),..,..,..,..,5000000,10000000,14000000,13000000,23000000,24000000,13000000,21000000,31000000,16000000,51000000,118000000,62000000,202000000,212000000,192000000,279000000,221000000,257000000,418000000,281000000,209000000,354000000,137000000,75000000,212000000,85000000,152000000,324000000,383000000,296000000,166000000,286000000,247000000,229000000,190000000,404000000,469000000,574000000,409000000,609000000,510000000,406000000,544000000,349000000,737000000,655000000,541000000,461000000,426000000,399000000,727000000,1433000000,1263000000
Italy,ITA,arms_exp,Arms exports (SIPRI trend indicator values),104000000,244000000,261000000,240000000,385000000,295000000,243000000,149000000,192000000,325000000,280000000,395000000,296000000,341000000,417000000,526000000,529000000,505000000,691000000,1303000000,1168000000,1715000000,1699000000,1212000000,1278000000,920000000,228000000,617000000,386000000,335000000,206000000,349000000,248000000,341000000,208000000,297000000,291000000,454000000,426000000,504000000,208000000,256000000,478000000,365000000,263000000,832000000,553000000,749000000,422000000,512000000,537000000,944000000,747000000,867000000,683000000,711000000,670000000,660000000
Jamaica,JAM,arms_exp,Arms exports (SIPRI trend indicator values),..,..,..,..,..,..,..,..,..,..,..,..,..,..,..,..,..,..,..,..,..,..,..,..,..,..,..,..,..,..,..,..,..,..,..,..,..,..,..,..,..,..,..,..,..,..,..,..,..,..,..,..,..,..,..,..,..,..
Japan,JPN,arms_exp,Arms exports (SIPRI trend indicator values),1000000,61000000,100000000,8000000,14000000,..,5000000,..,..,34000000,..,15000000,8000000,34000000,53000000,..,..,..,9000000,11000000,167000000,..,..,17000000,17000000,44000000,99000000,..,..,15000000,30000000,68000000,126000000,153000000,162000000,158000000,188000000,32000000,..,..,..,..,..,..,..,..,..,40000000,..,..,..,..,..,..,..,..,..,2000000
Jordan,JOR,arms_exp,Arms exports (SIPRI trend indicator values),..,..,..,..,..,..,..,..,..,..,..,36000000,..,22000000,9000000,50000000,..,18000000,..,..,..,..,..,76000000,..,2000000,7000000,..,7000000,64000000,..,..,..,..,65000000,..,..,6000000,..,..,..,..,..,..,42000000,20000000,..,13000000,13000000,28000000,117000000,..,21000000,25000000,114000000,8000000,17000000,77000000
Kazakhstan,KAZ,arms_exp,Arms exports (SIPRI trend indicator values),..,..,..,..,..,..,..,..,..,..,..,..,..,..,..,..,..,..,..,..,..,..,..,..,..,..,..,..,..,..,..,..,..,..,..,13000000,12000000,3000000,6000000,183000000,19000000,12000000,..,..,5000000,..,6000000,..,..,..,..,..,..,..,..,..,..,..
Kenya,KEN,arms_exp,Arms exports (SIPRI trend indicator values),..,..,..,..,..,..,..,..,..,..,..,..,..,..,..,..,..,..,..,..,..,8000000,..,..,..,..,..,..,..,..,..,2000000,..,2000000,..,..,..,..,..,..,..,..,..,..,..,..,..,..,..,..,..,..,..,..,..,..,..,..
Kiribati,KIR,arms_exp,Arms exports (SIPRI trend indicator values),..,..,..,..,..,..,..,..,..,..,..,..,..,..,..,..,..,..,..,..,..,..,..,..,..,..,..,..,..,..,..,..,..,..,..,..,..,..,..,..,..,..,..,..,..,..,..,..,..,..,..,..,..,..,..,..,..,..
"Korea, Dem. People?s Rep.",PRK,arms_exp,Arms exports (SIPRI trend indicator values),..,..,..,..,..,..,..,..,..,..,..,..,..,..,11000000,12000000,..,..,..,20000000,29000000,5000000,148000000,250000000,88000000,57000000,65000000,212000000,189000000,58000000,4000000,113000000,131000000,137000000,24000000,41000000,47000000,47000000,81000000,55000000,58000000,73000000,162000000,134000000,47000000,20000000,20000000,20000000,20000000,20000000,..,..,..,..,1000000,..,..,..
"Korea, Rep.",KOR,arms_exp,Arms exports (SIPRI trend indicator values),..,..,..,..,..,..,..,..,..,..,..,..,141000000,..,..,..,..,..,..,105000000,105000000,130000000,65000000,..,126000000,33000000,78000000,..,51000000,48000000,72000000,118000000,..,60000000,7000000,27000000,24000000,21000000,32000000,..,10000000,228000000,..,96000000,73000000,108000000,158000000,279000000,109000000,224000000,197000000,331000000,218000000,347000000,163000000,101000000,585000000,587000000
Kosovo,XKX,arms_exp,Arms exports (SIPRI trend indicator values),..,..,..,..,..,..,..,..,..,..,..,..,..,..,..,..,..,..,..,..,..,..,..,..,..,..,..,..,..,..,..,..,..,..,..,..,..,..,..,..,..,..,..,..,..,..,..,..,..,..,..,..,..,..,..,..,..,..
Kuwait,KWT,arms_exp,Arms exports (SIPRI trend indicator values),..,..,..,..,..,..,..,3000000,..,..,..,..,..,..,..,..,..,..,..,..,24000000,..,..,..,4000000,..,..,..,..,..,..,..,..,..,..,..,..,..,95000000,..,..,..,..,..,..,..,..,..,..,..,..,..,..,..,..,..,..,..
Kyrgyz Republic,KGZ,arms_exp,Arms exports (SIPRI trend indicator values),..,..,..,..,..,..,..,..,..,..,..,..,..,..,..,..,..,..,..,..,..,..,..,..,..,..,..,..,..,..,..,..,..,..,..,57000000,..,..,..,..,..,..,..,92000000,..,..,18000000,18000000,14000000,..,..,..,..,..,..,4000000,5000000,5000000
Lao PDR,LAO,arms_exp,Arms exports (SIPRI trend indicator values),..,..,..,..,..,..,..,..,..,..,..,..,..,..,..,..,..,..,..,..,..,..,..,..,..,..,..,..,..,..,..,..,..,..,..,..,..,..,..,..,..,..,..,..,..,..,..,..,..,..,..,..,..,..,..,..,..,..
Late-demographic dividend,LTE,arms_exp,Arms exports (SIPRI trend indicator values),298000000,52000000,65000000,122000000,298000000,653000000,938000000,723000000,..,..,..,1579000000,1519000000,841000000,..,..,..,..,..,..,..,..,..,..,..,..,..,..,..,..,..,..,..,..,..,5357000000,..,..,..,..,..,..,..,..,6911000000,5595000000,6433000000,6511000000,7289000000,6330000000,7863000000,9903000000,9997000000,10172000000,6524000000,..,9384000000,7454000000
Latin America & Caribbean,LCN,arms_exp,Arms exports (SIPRI trend indicator values),8000000,12000000,6000000,..,4000000,..,..,0,..,..,..,..,..,..,..,73000000,..,..,..,..,..,..,..,..,..,..,..,..,..,..,..,..,..,..,..,..,..,..,..,..,..,..,..,..,..,..,..,..,..,..,..,..,..,..,..,..,..,..
Latin America & Caribbean (excluding high income),LAC,arms_exp,Arms exports (SIPRI trend indicator values),2000000,12000000,6000000,..,4000000,..,..,0,..,..,..,..,..,..,..,73000000,..,..,..,..,..,..,..,..,..,..,..,..,..,..,..,..,..,..,..,..,..,..,..,..,..,..,..,..,..,..,..,..,..,..,..,..,..,..,..,..,..,..
Latin America & the Caribbean (IDA & IBRD countries),TLA,arms_exp,Arms exports (SIPRI trend indicator values),8000000,12000000,6000000,..,4000000,..,..,0,..,..,..,..,..,..,..,72000000,..,..,..,..,..,..,..,..,..,..,..,..,..,..,..,..,..,..,..,..,..,..,..,..,..,..,..,..,..,..,..,..,..,..,..,..,..,..,..,..,..,..
Latvia,LVA,arms_exp,Arms exports (SIPRI trend indicator values),..,..,..,..,..,..,..,..,..,..,..,..,..,..,..,..,..,..,..,..,..,..,..,..,..,..,..,..,..,..,..,..,..,..,9000000,..,..,..,..,..,..,..,..,..,..,..,..,..,..,..,..,..,..,..,..,..,..,..
Least developed countries: UN classification,LDC,arms_exp,Arms exports (SIPRI trend indicator values),..,..,..,..,..,..,..,1000000,0,..,..,..,..,..,..,..,..,..,..,..,..,..,..,..,..,..,..,..,..,..,..,..,..,..,..,..,..,..,..,..,..,..,..,..,..,..,..,..,..,..,..,..,..,..,..,..,..,..
Lebanon,LBN,arms_exp,Arms exports (SIPRI trend indicator values),..,..,..,..,..,..,..,1000000,..,..,..,..,..,..,..,..,..,..,..,..,..,..,..,..,..,..,..,..,..,..,..,1000000,..,..,..,..,..,..,..,..,..,..,45000000,..,..,..,..,..,..,..,..,..,..,..,..,..,..,..
Lesotho,LSO,arms_exp,Arms exports (SIPRI trend indicator values),..,..,..,..,..,..,..,..,..,..,..,..,..,..,..,..,..,..,..,..,..,..,..,..,..,..,..,..,..,..,..,..,..,..,..,..,..,..,..,..,..,..,..,..,..,..,..,..,..,..,..,..,..,..,..,..,..,..
Liberia,LBR,arms_exp,Arms exports (SIPRI trend indicator values),..,..,..,..,..,..,..,..,..,..,..,..,..,..,..,..,..,..,..,..,..,..,..,..,..,..,..,..,..,..,..,..,..,..,..,..,..,..,..,..,..,..,..,..,..,..,..,..,..,..,..,..,..,..,..,..,..,..
Libya,LBY,arms_exp,Arms exports (SIPRI trend indicator values),..,..,..,..,..,..,..,..,..,..,..,..,0,0,..,26000000,4000000,..,8000000,398000000,95000000,107000000,168000000,14000000,54000000,32000000,10000000,14000000,64000000,7000000,36000000,..,..,..,3000000,..,..,3000000,10000000,..,..,..,21000000,16000000,113000000,113000000,18000000,10000000,18000000,32000000,28000000,0,..,..,..,..,..,..
Liechtenstein,LIE,arms_exp,Arms exports (SIPRI trend indicator values),..,..,..,..,..,..,..,..,..,..,..,..,..,..,..,..,..,..,..,..,..,..,..,..,..,..,..,..,..,..,..,..,..,..,..,..,..,..,..,..,..,..,..,..,..,..,..,..,..,..,..,..,..,..,..,..,..,..
Lithuania,LTU,arms_exp,Arms exports (SIPRI trend indicator values),..,..,..,..,..,..,..,..,..,..,..,..,..,..,..,..,..,..,..,..,..,..,..,..,..,..,..,..,..,..,..,..,..,..,..,..,..,..,..,..,..,..,3000000,..,..,..,..,..,..,..,..,..,..,..,..,..,..,..
Low & middle income,LMY,arms_exp,Arms exports (SIPRI trend indicator values),317000000,80000000,..,..,..,..,..,453000000,..,712000000,..,..,..,..,..,..,..,..,..,..,..,..,..,..,..,..,..,..,..,..,..,..,..,..,..,..,..,..,..,..,..,..,..,..,..,..,7103000000,..,..,..,..,..,..,..,..,..,10628000000,..
Low income,LIC,arms_exp,Arms exports (SIPRI trend indicator values),..,..,..,..,3000000,..,..,..,0,..,..,..,..,..,..,..,..,..,..,..,..,..,..,..,..,..,..,..,..,..,..,..,..,..,..,..,..,..,..,..,..,..,..,..,..,..,..,..,..,..,..,..,..,..,..,..,..,..
Lower middle income,LMC,arms_exp,Arms exports (SIPRI trend indicator values),..,0,9000000,15000000,2000000,..,13000000,10000000,27000000,21000000,65000000,46000000,..,43000000,..,..,..,..,..,..,..,..,..,..,..,..,..,..,..,..,..,..,..,..,..,..,..,..,..,..,..,..,..,..,..,..,..,..,..,..,..,..,..,..,..,..,..,..
Luxembourg,LUX,arms_exp,Arms exports (SIPRI trend indicator values),..,..,..,..,..,..,..,..,..,..,..,..,..,..,..,..,..,..,..,..,..,..,..,..,..,..,..,..,..,..,..,..,..,..,..,..,..,..,..,..,..,..,..,..,..,..,..,0,..,..,..,..,..,..,..,..,..,..
"Macao SAR, China",MAC,arms_exp,Arms exports (SIPRI trend indicator values),..,..,..,..,..,..,..,..,..,..,..,..,..,..,..,..,..,..,..,..,..,..,..,..,..,..,..,..,..,..,..,..,..,..,..,..,..,..,..,..,..,..,..,..,..,..,..,..,..,..,..,..,..,..,..,..,..,..
"Macedonia, FYR",MKD,arms_exp,Arms exports (SIPRI trend indicator values),..,..,..,..,..,..,..,..,..,..,..,..,..,..,..,..,..,..,..,..,..,..,..,..,..,..,..,..,..,..,..,..,..,..,..,..,..,..,..,..,..,..,..,..,..,..,..,..,..,..,..,..,..,..,..,..,..,..
Madagascar,MDG,arms_exp,Arms exports (SIPRI trend indicator values),..,..,..,..,..,..,..,..,..,..,..,..,..,..,..,..,..,..,..,..,..,..,..,..,..,..,..,..,..,..,..,..,..,..,..,..,..,..,..,..,..,..,..,..,..,..,..,..,..,..,..,..,..,..,..,..,..,..
Malawi,MWI,arms_exp,Arms exports (SIPRI trend indicator values),..,..,..,..,..,..,..,..,..,..,..,..,..,..,..,..,..,..,..,..,..,..,..,..,..,..,..,..,..,..,..,..,..,..,..,..,..,..,..,..,1000000,..,..,..,..,..,..,..,..,..,..,..,..,..,..,..,..,..
Malaysia,MYS,arms_exp,Arms exports (SIPRI trend indicator values),..,..,..,..,..,..,..,..,..,..,..,7000000,..,..,..,..,..,..,..,..,..,..,6000000,..,..,..,..,..,..,..,..,..,..,..,..,0,..,..,..,11000000,..,..,..,..,..,..,..,..,..,0,..,..,..,..,..,..,..,..
Maldives,MDV,arms_exp,Arms exports (SIPRI trend indicator values),..,..,..,..,..,..,..,..,..,..,..,..,..,..,..,..,..,..,..,..,..,..,..,..,..,..,..,..,..,..,..,..,..,..,..,..,..,..,..,..,..,..,..,..,..,..,..,..,..,..,..,..,..,..,..,..,..,..
Mali,MLI,arms_exp,Arms exports (SIPRI trend indicator values),..,..,..,..,..,..,..,..,..,..,..,..,..,..,..,..,..,..,..,..,..,..,..,..,..,..,..,..,..,..,..,..,..,..,..,..,..,..,..,..,..,..,..,..,..,..,..,..,..,..,..,..,..,..,..,..,..,..
Malta,MLT,arms_exp,Arms exports (SIPRI trend indicator values),..,..,..,..,..,..,..,..,..,..,..,..,..,..,..,..,..,..,..,..,..,..,..,..,..,..,..,..,..,..,..,..,..,..,..,..,..,..,..,..,..,..,..,..,10000000,..,..,..,..,..,..,..,..,..,..,5000000,..,..
Marshall Islands,MHL,arms_exp,Arms exports (SIPRI trend indicator values),..,..,..,..,..,..,..,..,..,..,..,..,..,..,..,..,..,..,..,..,..,..,..,..,..,..,..,..,..,..,..,..,..,..,..,..,..,..,..,..,..,..,..,..,..,..,..,..,..,..,..,..,..,..,..,..,..,..
Mauritania,MRT,arms_exp,Arms exports (SIPRI trend indicator values),..,..,..,..,..,..,..,..,..,..,..,..,..,..,..,..,..,..,..,..,..,..,..,..,..,..,..,..,..,..,..,..,..,..,..,..,..,..,..,..,..,..,..,..,..,..,..,..,..,..,..,..,..,..,..,..,..,..
Mauritius,MUS,arms_exp,Arms exports (SIPRI trend indicator values),..,..,..,..,..,..,..,..,..,..,..,..,..,..,..,..,..,..,..,..,..,..,..,..,..,..,..,..,..,..,..,..,..,..,..,..,..,..,..,..,..,..,..,..,..,..,..,..,..,..,..,..,..,..,..,..,..,..
Mexico,MEX,arms_exp,Arms exports (SIPRI trend indicator values),..,..,..,..,..,..,..,..,..,..,..,..,..,..,..,..,..,..,..,..,..,..,..,..,..,..,..,..,..,..,..,..,..,..,..,..,..,..,..,..,..,..,..,..,..,..,..,..,..,..,..,..,..,..,..,..,..,..
"Micronesia, Fed. Sts.",FSM,arms_exp,Arms exports (SIPRI trend indicator values),..,..,..,..,..,..,..,..,..,..,..,..,..,..,..,..,..,..,..,..,..,..,..,..,..,..,..,..,..,..,..,..,..,..,..,..,..,..,..,..,..,..,..,..,..,..,..,..,..,..,..,..,..,..,..,..,..,..
Middle East & North Africa,MEA,arms_exp,Arms exports (SIPRI trend indicator values),..,..,12000000,8000000,7000000,10000000,27000000,52000000,58000000,45000000,89000000,..,139000000,..,..,..,..,..,..,..,..,438000000,..,..,380000000,..,..,..,..,..,..,..,..,500000000,..,..,..,..,..,..,..,..,..,..,..,..,..,..,..,..,..,..,..,..,..,..,..,1429000000
Middle East & North Africa (excluding high income),MNA,arms_exp,Arms exports (SIPRI trend indicator values),3000000,0,12000000,8000000,2000000,..,13000000,32000000,32000000,21000000,76000000,42000000,..,28000000,140000000,..,..,..,..,..,158000000,..,426000000,206000000,..,..,..,..,..,..,..,..,..,..,83000000,..,..,14000000,..,..,..,..,..,..,..,..,..,..,..,..,..,..,..,..,..,..,..,87000000
Middle East & North Africa (IDA & IBRD countries),TMN,arms_exp,Arms exports (SIPRI trend indicator values),3000000,0,12000000,8000000,2000000,..,13000000,32000000,32000000,21000000,76000000,42000000,..,28000000,140000000,..,..,..,..,..,158000000,..,426000000,206000000,..,..,..,..,..,..,..,..,..,..,83000000,..,..,14000000,..,..,..,..,..,..,..,..,..,..,..,..,..,..,..,..,..,..,..,87000000
Middle income,MIC,arms_exp,Arms exports (SIPRI trend indicator values),317000000,80000000,..,..,..,..,..,453000000,..,712000000,..,..,..,..,..,..,..,..,..,..,..,..,..,..,..,..,..,..,..,..,..,..,..,..,..,..,..,..,..,..,..,..,..,..,..,..,7083000000,..,..,..,..,..,..,..,..,..,10628000000,..
Moldova,MDA,arms_exp,Arms exports (SIPRI trend indicator values),..,..,..,..,..,..,..,..,..,..,..,..,..,..,..,..,..,..,..,..,..,..,..,..,..,..,..,..,..,..,..,..,11000000,..,36000000,..,..,217000000,..,..,6000000,42000000,60000000,10000000,..,18000000,3000000,19000000,29000000,20000000,..,11000000,..,..,..,..,..,..
Monaco,MCO,arms_exp,Arms exports (SIPRI trend indicator values),..,..,..,..,..,..,..,..,..,..,..,..,..,..,..,..,..,..,..,..,..,..,..,..,..,..,..,..,..,..,..,..,..,..,..,..,..,..,..,..,..,..,..,..,..,..,..,..,..,..,..,..,..,..,..,..,..,..
Mongolia,MNG,arms_exp,Arms exports (SIPRI trend indicator values),..,..,..,..,..,..,..,..,..,..,..,..,..,..,..,..,..,..,..,..,..,..,..,..,..,..,..,..,..,..,..,..,..,..,..,..,..,..,..,..,..,..,..,..,..,..,..,..,..,..,..,..,..,..,..,..,..,..
Montenegro,MNE,arms_exp,Arms exports (SIPRI trend indicator values),..,..,..,..,..,..,..,..,..,..,..,..,..,..,..,..,..,..,..,..,..,..,..,..,..,..,..,..,..,..,..,..,..,..,..,..,..,..,..,..,..,..,..,..,..,..,71000000,109000000,..,..,18000000,..,..,..,..,..,..,0
Morocco,MAR,arms_exp,Arms exports (SIPRI trend indicator values),..,..,2000000,..,..,..,..,..,..,6000000,..,..,..,..,..,..,..,..,6000000,..,..,..,..,..,..,..,..,..,..,..,..,..,..,..,..,..,..,..,..,..,..,..,..,..,..,..,..,..,..,..,..,..,..,..,..,..,..,..
Mozambique,MOZ,arms_exp,Arms exports (SIPRI trend indicator values),..,..,..,..,..,..,..,..,..,..,..,..,..,..,..,..,..,1000000,..,..,..,..,..,..,..,..,..,..,..,..,..,..,..,..,..,..,..,..,..,..,..,..,..,..,..,..,..,..,..,..,..,..,..,..,..,..,..,..
Myanmar,MMR,arms_exp,Arms exports (SIPRI trend indicator values),..,..,..,..,..,..,..,..,..,..,..,..,..,..,..,..,..,..,..,..,..,..,..,..,..,..,..,..,..,..,..,..,..,..,..,..,..,..,..,..,..,..,..,..,..,..,..,..,..,..,..,..,..,..,..,..,..,..
Namibia,NAM,arms_exp,Arms exports (SIPRI trend indicator values),..,..,..,..,..,..,..,..,..,..,..,..,..,..,..,..,..,..,..,..,..,..,..,..,..,..,..,..,..,..,..,..,..,..,..,..,..,..,..,..,..,..,..,..,..,..,..,..,..,..,..,..,..,..,..,..,..,..
Nauru,NRU,arms_exp,Arms exports (SIPRI trend indicator values),..,..,..,..,..,..,..,..,..,..,..,..,..,..,..,..,..,..,..,..,..,..,..,..,..,..,..,..,..,..,..,..,..,..,..,..,..,..,..,..,..,..,..,..,..,..,..,..,..,..,..,..,..,..,..,..,..,..
Nepal,NPL,arms_exp,Arms exports (SIPRI trend indicator values),..,..,..,..,..,..,..,..,..,..,..,..,..,..,..,..,..,..,..,..,..,..,..,..,..,..,..,..,..,..,..,..,..,..,..,..,..,..,..,..,..,..,..,..,..,..,..,..,..,..,..,..,..,..,..,..,..,..
Netherlands,NLD,arms_exp,Arms exports (SIPRI trend indicator values),36000000,108000000,99000000,79000000,93000000,97000000,79000000,95000000,350000000,111000000,5000000,161000000,143000000,205000000,82000000,64000000,312000000,424000000,356000000,308000000,628000000,813000000,683000000,474000000,366000000,175000000,323000000,483000000,735000000,558000000,416000000,455000000,365000000,455000000,627000000,473000000,499000000,614000000,624000000,350000000,284000000,203000000,233000000,331000000,204000000,505000000,1146000000,1213000000,446000000,495000000,371000000,546000000,863000000,367000000,631000000,464000000,471000000,1167000000
New Caledonia,NCL,arms_exp,Arms exports (SIPRI trend indicator values),..,..,..,..,..,..,..,..,..,..,..,..,..,..,..,..,..,..,..,..,..,..,..,..,..,..,..,..,..,..,..,..,..,..,..,..,..,..,..,..,..,..,..,..,..,..,..,..,..,..,..,..,..,..,..,..,..,..
New Zealand,NZL,arms_exp,Arms exports (SIPRI trend indicator values),..,..,..,..,..,..,..,1000000,1000000,0,..,..,0,2000000,5000000,3000000,..,..,..,..,..,1000000,2000000,..,10000000,7000000,0,..,..,..,..,34000000,4000000,..,3000000,..,..,..,..,1000000,1000000,..,1000000,..,1000000,0,..,..,..,..,..,..,75000000,..,..,1000000,12000000,4000000
Nicaragua,NIC,arms_exp,Arms exports (SIPRI trend indicator values),..,..,..,..,..,..,..,..,..,..,..,..,..,..,..,..,..,..,..,..,..,..,..,..,..,..,..,..,..,2000000,2000000,..,72000000,17000000,..,5000000,..,..,..,..,..,..,..,..,..,..,..,..,..,..,..,..,..,..,..,..,..,..
Niger,NER,arms_exp,Arms exports (SIPRI trend indicator values),..,..,..,..,..,..,..,..,..,..,..,..,..,0,..,..,..,..,..,..,..,..,..,..,..,..,..,..,..,..,..,..,..,..,..,..,..,..,..,..,..,..,..,..,..,..,..,..,..,..,..,..,..,..,..,..,..,..
Nigeria,NGA,arms_exp,Arms exports (SIPRI trend indicator values),..,..,..,..,..,..,..,..,..,..,..,..,..,..,..,..,..,..,..,..,..,..,..,..,..,..,..,..,..,2000000,3000000,..,..,..,..,..,..,..,..,..,..,..,..,..,..,..,..,..,..,..,..,..,..,..,..,..,..,..
North America,NAC,arms_exp,Arms exports (SIPRI trend indicator values),6105000000,6649000000,6152000000,9157000000,12487000000,11266000000,8505000000,7308000000,8644000000,11928000000,9203000000,12016000000,11114000000,12155000000,12372000000,16305000000,16067000000,14600000000,14258000000,9914000000,10891000000,13741000000,14274000000,14059000000,11995000000,10901000000,11950000000,12530000000,12037000000,11393000000,10833000000,12636000000,14275000000,13993000000,11690000000,11479000000,11050000000,14647000000,15768000000,11647000000,7679000000,5822000000,5145000000,5948000000,7128000000,7012000000,7748000000,8199000000,7066000000,7098000000,8307000000,9408000000,9461000000,7922000000,9903000000,10404000000,10448000000,12481000000
Northern Mariana Islands,MNP,arms_exp,Arms exports (SIPRI trend indicator values),..,..,..,..,..,..,..,..,..,..,..,..,..,..,..,..,..,..,..,..,..,..,..,..,..,..,..,..,..,..,..,..,..,..,..,..,..,..,..,..,..,..,..,..,..,..,..,..,..,..,..,..,..,..,..,..,..,..
Norway,NOR,arms_exp,Arms exports (SIPRI trend indicator values),38000000,..,25000000,55000000,67000000,65000000,80000000,140000000,65000000,53000000,..,8000000,31000000,10000000,..,8000000,8000000,8000000,93000000,161000000,158000000,278000000,68000000,35000000,..,42000000,29000000,54000000,34000000,127000000,85000000,170000000,75000000,51000000,64000000,21000000,4000000,19000000,3000000,5000000,3000000,42000000,92000000,101000000,66000000,6000000,17000000,65000000,118000000,155000000,159000000,151000000,172000000,175000000,164000000,240000000,150000000,134000000
Not classified,INX,arms_exp,Arms exports (SIPRI trend indicator values),..,..,..,..,..,..,..,..,..,..,..,..,..,..,..,..,..,..,..,..,..,..,..,..,..,..,..,..,..,..,..,..,..,..,..,..,..,..,..,..,..,..,..,..,..,..,..,..,..,..,..,..,..,..,..,..,..,..
OECD members,OED,arms_exp,Arms exports (SIPRI trend indicator values),10065000000,9746000000,9469000000,12669000000,17024000000,15527000000,13505000000,12803000000,13494000000,17001000000,14152000000,19507000000,18600000000,18974000000,19275000000,24402000000,24214000000,23185000000,23420000000,19069000000,21524000000,26328000000,26237000000,25703000000,23731000000,20858000000,20664000000,21327000000,20512000000,20635000000,18231000000,19982000000,19932000000,20323000000,19627000000,17619000000,18878000000,23716000000,24320000000,18879000000,13790000000,12222000000,10744000000,12189000000,13830000000,15319000000,17757000000,19560000000,16178000000,16970000000,16530000000,18974000000,16459000000,15831000000,19288000000,20031000000,21793000000,23076000000
Oman,OMN,arms_exp,Arms exports (SIPRI trend indicator values),..,..,..,..,..,..,..,..,..,..,..,..,..,..,..,..,..,5000000,..,..,..,..,..,..,..,..,5000000,..,..,..,..,..,..,..,0,..,..,..,..,..,..,..,..,..,..,1000000,..,..,..,..,..,..,..,..,..,..,..,7000000
Other small states,OSS,arms_exp,Arms exports (SIPRI trend indicator values),..,..,..,..,..,..,..,..,..,..,..,..,..,..,..,..,..,..,..,..,..,..,..,..,..,..,..,..,..,..,..,..,..,..,..,..,..,..,..,..,..,..,..,..,..,..,..,..,..,..,..,..,..,..,..,..,..,..
Pacific island small states,PSS,arms_exp,Arms exports (SIPRI trend indicator values),..,..,..,..,..,..,..,..,..,..,..,..,..,..,..,..,..,..,..,..,..,..,..,..,..,..,..,..,..,..,..,..,..,..,..,..,..,..,..,..,..,..,..,..,..,..,..,..,..,..,..,..,..,..,..,..,..,..
Pakistan,PAK,arms_exp,Arms exports (SIPRI trend indicator values),..,..,..,..,..,..,..,6000000,..,..,..,3000000,..,..,..,..,..,..,..,..,15000000,30000000,30000000,..,..,..,..,..,..,1000000,82000000,3000000,..,..,2000000,..,..,..,..,..,3000000,1000000,9000000,8000000,9000000,24000000,4000000,..,1000000,..,..,..,..,..,..,..,1000000,3000000
Palau,PLW,arms_exp,Arms exports (SIPRI trend indicator values),..,..,..,..,..,..,..,..,..,..,..,..,..,..,..,..,..,..,..,..,..,..,..,..,..,..,..,..,..,..,..,..,..,..,..,..,..,..,..,..,..,..,..,..,..,..,..,..,..,..,..,..,..,..,..,..,..,..
Panama,PAN,arms_exp,Arms exports (SIPRI trend indicator values),..,..,..,..,..,..,..,..,..,..,..,..,..,..,..,..,..,..,..,2000000,..,..,..,..,..,..,..,..,..,..,..,..,..,..,..,..,..,..,..,..,..,..,..,..,..,..,..,..,..,..,..,..,..,..,..,..,..,..
Papua New Guinea,PNG,arms_exp,Arms exports (SIPRI trend indicator values),..,..,..,..,..,..,..,..,..,..,..,..,..,..,..,..,..,..,..,..,..,..,..,..,..,..,..,..,..,..,..,..,..,..,..,..,..,..,..,..,..,..,..,..,..,..,..,..,..,..,..,..,..,..,..,..,..,..
Paraguay,PRY,arms_exp,Arms exports (SIPRI trend indicator values),..,..,..,..,..,..,..,..,..,..,..,..,..,..,..,..,..,..,..,..,..,..,..,..,..,..,..,..,..,..,..,..,..,..,..,..,..,..,..,..,..,..,..,..,..,..,..,..,..,..,..,..,..,..,..,..,..,..
Peru,PER,arms_exp,Arms exports (SIPRI trend indicator values),..,..,..,..,..,..,..,..,..,..,..,..,..,..,..,..,..,..,..,..,..,..,53000000,..,..,..,..,..,..,..,..,..,..,..,..,..,..,..,..,..,..,14000000,..,..,5000000,..,..,..,..,..,..,..,..,..,..,..,..,..
Philippines,PHL,arms_exp,Arms exports (SIPRI trend indicator values),..,..,..,..,..,..,..,..,..,..,..,..,..,..,..,..,..,..,..,..,..,..,..,..,..,..,1000000,..,..,..,..,..,..,..,..,..,..,..,..,..,..,..,..,..,..,..,..,4000000,..,..,..,..,..,..,..,..,..,..
Poland,POL,arms_exp,Arms exports (SIPRI trend indicator values),5000000,5000000,12000000,111000000,237000000,234000000,319000000,309000000,288000000,323000000,268000000,274000000,272000000,158000000,232000000,299000000,406000000,382000000,317000000,229000000,207000000,346000000,211000000,115000000,90000000,130000000,265000000,222000000,232000000,20000000,105000000,55000000,56000000,..,131000000,176000000,46000000,21000000,1000000,64000000,48000000,81000000,56000000,81000000,47000000,18000000,282000000,163000000,73000000,75000000,28000000,8000000,24000000,142000000,24000000,11000000,4000000,3000000
Portugal,PRT,arms_exp,Arms exports (SIPRI trend indicator values),..,..,..,..,..,..,..,2000000,..,..,..,3000000,..,5000000,11000000,105000000,21000000,..,4000000,4000000,2000000,..,..,1000000,..,..,1000000,1000000,..,71000000,..,..,..,1000000,..,..,..,..,..,..,..,..,..,..,..,..,..,..,99000000,46000000,..,0,0,..,18000000,7000000,172000000,56000000
Post-demographic dividend,PST,arms_exp,Arms exports (SIPRI trend indicator values),10060000000,9741000000,9457000000,12558000000,16782000000,15283000000,13172000000,12481000000,13183000000,16654000000,13871000000,19214000000,18297000000,18800000000,18992000000,24003000000,23746000000,22601000000,22931000000,18721000000,21014000000,25763000000,25769000000,25198000000,23451000000,20519000000,20148000000,21046000000,20226000000,20491000000,18091000000,19817000000,19735000000,19891000000,19475000000,17352000000,18853000000,24344000000,24908000000,19818000000,13859000000,12184000000,10471000000,12065000000,13412000000,15184000000,17542000000,19382000000,16127000000,16571000000,16416000000,19032000000,17443000000,16028000000,19394000000,19667000000,20822000000,21810000000
Pre-demographic dividend,PRE,arms_exp,Arms exports (SIPRI trend indicator values),3000000,..,..,..,..,..,..,1000000,0,..,..,1000000,..,0,..,..,..,..,..,..,..,..,..,..,..,..,..,..,..,..,..,..,..,..,..,..,..,..,..,..,..,..,..,..,..,..,..,..,..,..,..,..,..,..,..,..,..,..
Puerto Rico,PRI,arms_exp,Arms exports (SIPRI trend indicator values),..,..,..,..,..,..,..,..,..,..,..,..,..,..,..,..,..,..,..,..,..,..,..,..,..,..,..,..,..,..,..,..,..,..,..,..,..,..,..,..,..,..,..,..,..,..,..,..,..,..,..,..,..,..,..,..,..,..
Qatar,QAT,arms_exp,Arms exports (SIPRI trend indicator values),..,..,..,..,..,..,..,..,..,..,..,..,..,..,..,..,..,..,..,..,..,..,..,..,..,..,..,..,..,..,..,..,..,40000000,..,..,..,..,..,9000000,..,..,..,..,..,..,2000000,..,..,..,..,0,..,..,..,..,..,..
Romania,ROU,arms_exp,Arms exports (SIPRI trend indicator values),..,..,..,..,..,..,..,..,..,..,..,6000000,9000000,9000000,1000000,..,..,..,27000000,44000000,48000000,30000000,91000000,101000000,173000000,99000000,28000000,35000000,52000000,25000000,7000000,5000000,14000000,16000000,29000000,9000000,4000000,11000000,2000000,19000000,3000000,..,..,24000000,..,3000000,8000000,32000000,..,2000000,1000000,0,108000000,108000000,..,..,..,..
Russian Federation,RUS,arms_exp,Arms exports (SIPRI trend indicator values),..,..,..,..,..,..,..,..,..,..,..,..,..,..,..,..,..,..,..,..,..,..,..,..,..,..,..,..,..,..,..,..,2605000000,3439000000,1478000000,3889000000,3572000000,3347000000,2040000000,4264000000,4503000000,5330000000,5734000000,5171000000,6281000000,5222000000,5143000000,5528000000,6232000000,4969000000,6091000000,8568000000,8283000000,7805000000,5224000000,5608000000,6937000000,6148000000
Rwanda,RWA,arms_exp,Arms exports (SIPRI trend indicator values),..,..,..,..,..,..,..,..,..,..,..,..,..,..,..,..,..,..,..,..,..,..,..,..,..,..,..,..,..,..,..,..,..,..,..,..,..,..,..,..,..,..,..,..,..,..,..,..,..,..,..,..,..,..,..,..,..,..
Samoa,WSM,arms_exp,Arms exports (SIPRI trend indicator values),..,..,..,..,..,..,..,..,..,..,..,..,..,..,..,..,..,..,..,..,..,..,..,..,..,..,..,..,..,..,..,..,..,..,..,..,..,..,..,..,..,..,..,..,..,..,..,..,..,..,..,..,..,..,..,..,..,..
San Marino,SMR,arms_exp,Arms exports (SIPRI trend indicator values),..,..,..,..,..,..,..,..,..,..,..,..,..,..,..,..,..,..,..,..,..,..,..,..,..,..,..,..,..,..,..,..,..,..,..,..,..,..,..,..,..,..,..,..,..,..,..,..,..,..,..,..,..,..,..,..,..,..
Sao Tome and Principe,STP,arms_exp,Arms exports (SIPRI trend indicator values),..,..,..,..,..,..,..,..,..,..,..,..,..,..,..,..,..,..,..,..,..,..,..,..,..,..,..,..,..,..,..,..,..,..,..,..,..,..,..,..,..,..,..,..,..,..,..,..,..,..,..,..,..,..,..,..,..,..
Saudi Arabia,SAU,arms_exp,Arms exports (SIPRI trend indicator values),..,..,..,..,..,..,..,4000000,3000000,..,..,..,2000000,..,..,..,0,13000000,..,..,..,33000000,..,..,3000000,4000000,..,..,..,..,..,..,..,14000000,..,..,1000000,..,..,..,..,..,..,..,..,..,18000000,..,..,..,1000000,62000000,..,..,..,..,..,..
Senegal,SEN,arms_exp,Arms exports (SIPRI trend indicator values),..,..,..,..,..,..,..,..,..,..,..,..,..,..,..,..,3000000,..,..,..,..,..,..,..,..,..,..,..,..,..,..,..,..,..,..,..,..,..,..,..,..,..,..,..,..,..,..,..,..,..,..,..,..,..,..,..,..,..
Serbia,SRB,arms_exp,Arms exports (SIPRI trend indicator values),..,..,..,..,..,..,..,..,..,..,..,..,..,..,..,..,..,..,..,..,..,..,..,..,..,..,..,..,..,..,..,..,..,..,..,..,20000000,5000000,..,..,..,11000000,..,..,..,..,5000000,5000000,45000000,1000000,31000000,4000000,11000000,11000000,10000000,35000000,23000000,2000000
Seychelles,SYC,arms_exp,Arms exports (SIPRI trend indicator values),..,..,..,..,..,..,..,..,..,..,..,..,..,..,..,..,..,..,..,..,..,..,..,..,..,..,..,..,..,..,..,..,..,..,..,1000000,..,..,..,..,..,..,..,..,..,..,..,..,..,..,..,..,..,..,..,..,..,..
Sierra Leone,SLE,arms_exp,Arms exports (SIPRI trend indicator values),..,..,..,..,..,..,..,..,..,..,..,..,..,..,..,..,..,..,..,..,..,..,..,..,..,..,..,..,..,..,..,..,..,..,..,..,..,..,..,..,..,..,..,..,..,..,..,..,..,..,..,..,..,..,..,..,..,..
Singapore,SGP,arms_exp,Arms exports (SIPRI trend indicator values),..,..,..,..,..,..,..,..,..,..,..,2000000,..,..,..,17000000,..,..,30000000,72000000,..,15000000,..,25000000,91000000,..,..,81000000,25000000,87000000,44000000,3000000,3000000,11000000,30000000,..,0,46000000,23000000,11000000,11000000,..,4000000,..,65000000,..,..,..,..,31000000,24000000,13000000,76000000,1000000,2000000,48000000,47000000,..
Sint Maarten (Dutch part),SXM,arms_exp,Arms exports (SIPRI trend indicator values),..,..,..,..,..,..,..,..,..,..,..,..,..,..,..,..,..,..,..,..,..,..,..,..,..,..,..,..,..,..,..,..,..,..,..,..,..,..,..,..,..,..,..,..,..,..,..,..,..,..,..,..,..,..,..,..,..,..
Slovak Republic,SVK,arms_exp,Arms exports (SIPRI trend indicator values),..,..,..,..,..,..,..,..,..,..,..,..,..,..,..,..,..,..,..,..,..,..,..,..,..,..,..,..,..,..,..,..,..,173000000,37000000,97000000,59000000,55000000,10000000,125000000,37000000,53000000,32000000,..,46000000,..,7000000,22000000,8000000,..,..,..,4000000,1000000,8000000,3000000,18000000,22000000
Slovenia,SVN,arms_exp,Arms exports (SIPRI trend indicator values),..,..,..,..,..,..,..,..,..,..,..,..,..,..,..,..,..,..,..,..,..,..,..,..,..,..,..,..,..,..,..,..,..,..,..,..,..,..,..,..,..,..,..,..,..,..,..,..,..,..,..,..,..,..,..,..,0,..
Small states,SST,arms_exp,Arms exports (SIPRI trend indicator values),..,..,..,..,..,..,..,..,..,..,..,..,..,..,..,..,..,..,..,..,..,..,..,..,..,..,..,..,..,..,..,..,..,..,..,..,..,..,..,..,..,..,..,..,..,..,..,..,..,..,..,..,..,..,..,..,..,..
Solomon Islands,SLB,arms_exp,Arms exports (SIPRI trend indicator values),..,..,..,..,..,..,..,..,..,..,..,..,..,..,..,..,..,..,..,..,..,..,..,..,..,..,..,..,..,..,..,..,..,..,..,..,..,..,..,..,..,..,..,..,..,..,..,..,..,..,..,..,..,..,..,..,..,..
Somalia,SOM,arms_exp,Arms exports (SIPRI trend indicator values),..,..,..,..,..,..,..,..,..,..,..,..,..,..,..,..,..,..,..,..,..,..,..,..,..,..,..,..,..,..,..,..,..,..,..,..,..,..,..,..,..,..,..,..,..,..,..,..,..,..,..,..,..,..,..,..,..,..
South Africa,ZAF,arms_exp,Arms exports (SIPRI trend indicator values),27000000,33000000,..,..,..,..,..,4000000,..,14000000,3000000,5000000,12000000,1000000,2000000,18000000,16000000,0,..,..,39000000,39000000,1000000,..,..,25000000,25000000,28000000,25000000,0,..,54000000,75000000,54000000,11000000,17000000,31000000,7000000,22000000,27000000,20000000,37000000,17000000,43000000,72000000,30000000,184000000,126000000,139000000,103000000,235000000,71000000,182000000,96000000,64000000,58000000,65000000,74000000
South Asia,SAS,arms_exp,Arms exports (SIPRI trend indicator values),..,..,..,..,..,..,..,6000000,1000000,..,..,9000000,2000000,21000000,24000000,31000000,..,..,27000000,..,..,..,32000000,..,..,..,..,..,..,1000000,85000000,3000000,..,..,4000000,..,..,..,8000000,0,24000000,3000000,9000000,12000000,36000000,43000000,37000000,23000000,16000000,27000000,5000000,3000000,..,14000000,36000000,42000000,43000000,..
South Asia (IDA & IBRD),TSA,arms_exp,Arms exports (SIPRI trend indicator values),..,..,..,..,..,..,..,6000000,1000000,..,..,9000000,2000000,21000000,24000000,31000000,..,..,27000000,..,..,..,32000000,..,..,..,..,..,..,1000000,85000000,3000000,..,..,4000000,..,..,..,8000000,0,24000000,3000000,9000000,12000000,36000000,43000000,37000000,23000000,16000000,27000000,5000000,3000000,..,14000000,36000000,42000000,43000000,..
South Sudan,SSD,arms_exp,Arms exports (SIPRI trend indicator values),..,..,..,..,..,..,..,..,..,..,..,..,..,..,..,..,..,..,..,..,..,..,..,..,..,..,..,..,..,..,..,..,..,..,..,..,..,..,..,..,..,..,..,..,..,..,..,..,..,..,..,..,..,..,..,..,..,..
Spain,ESP,arms_exp,Arms exports (SIPRI trend indicator values),1000000,5000000,6000000,6000000,7000000,21000000,21000000,7000000,7000000,6000000,70000000,140000000,4000000,4000000,84000000,267000000,46000000,25000000,38000000,18000000,10000000,130000000,251000000,352000000,242000000,85000000,177000000,148000000,141000000,174000000,108000000,100000000,65000000,98000000,237000000,82000000,105000000,625000000,162000000,43000000,46000000,8000000,16000000,95000000,52000000,108000000,840000000,601000000,602000000,951000000,263000000,1429000000,546000000,728000000,1050000000,1163000000,507000000,814000000
Sri Lanka,LKA,arms_exp,Arms exports (SIPRI trend indicator values),..,..,..,..,..,..,..,..,..,..,..,..,..,..,..,..,..,..,..,..,..,..,..,..,..,..,..,..,..,..,..,..,..,..,..,..,..,..,8000000,..,..,..,..,..,..,..,..,..,..,..,..,..,..,..,..,..,..,..
St. Kitts and Nevis,KNA,arms_exp,Arms exports (SIPRI trend indicator values),..,..,..,..,..,..,..,..,..,..,..,..,..,..,..,..,..,..,..,..,..,..,..,..,..,..,..,..,..,..,..,..,..,..,..,..,..,..,..,..,..,..,..,..,..,..,..,..,..,..,..,..,..,..,..,..,..,..
St. Lucia,LCA,arms_exp,Arms exports (SIPRI trend indicator values),..,..,..,..,..,..,..,..,..,..,..,..,..,..,..,..,..,..,..,..,..,..,..,..,..,..,..,..,..,..,..,..,..,..,..,..,..,..,..,..,..,..,..,..,..,..,..,..,..,..,..,..,..,..,..,..,..,..
St. Martin (French part),MAF,arms_exp,Arms exports (SIPRI trend indicator values),..,..,..,..,..,..,..,..,..,..,..,..,..,..,..,..,..,..,..,..,..,..,..,..,..,..,..,..,..,..,..,..,..,..,..,..,..,..,..,..,..,..,..,..,..,..,..,..,..,..,..,..,..,..,..,..,..,..
St. Vincent and the Grenadines,VCT,arms_exp,Arms exports (SIPRI trend indicator values),..,..,..,..,..,..,..,..,..,..,..,..,..,..,..,..,..,..,..,..,..,..,..,..,..,..,..,..,..,..,..,..,..,..,..,..,..,..,..,..,..,..,..,..,..,..,..,..,..,..,..,..,..,..,..,..,..,..
Sub-Saharan Africa,SSF,arms_exp,Arms exports (SIPRI trend indicator values),27000000,33000000,..,..,..,..,..,5000000,..,14000000,3000000,6000000,12000000,2000000,2000000,18000000,19000000,..,..,..,..,..,..,..,..,..,..,..,..,..,..,..,..,..,..,..,..,..,..,..,..,..,..,..,..,..,..,..,..,..,..,..,..,..,..,..,..,..
Sub-Saharan Africa (excluding high income),SSA,arms_exp,Arms exports (SIPRI trend indicator values),27000000,33000000,..,..,..,..,..,5000000,..,14000000,3000000,6000000,12000000,2000000,2000000,18000000,19000000,..,..,..,..,..,..,..,..,..,..,..,..,..,..,..,..,..,..,..,..,..,..,..,..,..,..,..,..,..,..,..,..,..,..,..,..,..,..,..,..,..
Sub-Saharan Africa (IDA & IBRD countries),TSS,arms_exp,Arms exports (SIPRI trend indicator values),27000000,33000000,..,..,..,..,..,5000000,..,14000000,3000000,6000000,12000000,2000000,2000000,18000000,19000000,..,..,..,..,..,..,..,..,..,..,..,..,..,..,..,..,..,..,..,..,..,..,..,..,..,..,..,..,..,..,..,..,..,..,..,..,..,..,..,..,..
Sudan,SDN,arms_exp,Arms exports (SIPRI trend indicator values),..,..,..,..,..,..,..,1000000,..,..,..,..,..,..,..,..,..,..,..,..,..,..,..,..,..,..,4000000,..,..,..,..,..,..,..,..,..,..,..,..,..,..,..,..,..,..,..,..,..,..,..,..,..,..,11000000,..,..,..,..
Suriname,SUR,arms_exp,Arms exports (SIPRI trend indicator values),..,..,..,..,..,..,..,..,..,..,..,..,..,..,..,..,..,..,..,..,..,..,..,..,..,..,..,..,..,..,..,..,..,..,..,..,..,..,..,..,..,..,..,..,..,..,..,..,..,..,..,..,..,..,..,..,..,..
Swaziland,SWZ,arms_exp,Arms exports (SIPRI trend indicator values),..,..,..,..,..,..,..,..,..,..,..,..,..,..,..,..,..,..,..,..,..,..,..,..,..,..,..,..,..,..,..,..,..,..,..,..,..,..,..,..,..,..,..,..,..,..,..,..,..,..,..,..,..,..,..,..,..,..
Sweden,SWE,arms_exp,Arms exports (SIPRI trend indicator values),38000000,45000000,44000000,13000000,22000000,32000000,56000000,55000000,60000000,36000000,262000000,550000000,138000000,15000000,75000000,122000000,70000000,53000000,54000000,263000000,156000000,130000000,125000000,113000000,224000000,209000000,317000000,233000000,515000000,403000000,231000000,156000000,149000000,103000000,111000000,196000000,349000000,105000000,339000000,389000000,361000000,898000000,163000000,515000000,294000000,532000000,388000000,334000000,452000000,407000000,657000000,692000000,476000000,386000000,335000000,184000000,267000000,83000000
Switzerland,CHE,arms_exp,Arms exports (SIPRI trend indicator values),442000000,500000000,530000000,337000000,379000000,484000000,367000000,261000000,91000000,104000000,18000000,42000000,34000000,54000000,89000000,395000000,480000000,260000000,196000000,446000000,553000000,589000000,454000000,345000000,475000000,316000000,319000000,308000000,318000000,261000000,404000000,432000000,396000000,184000000,133000000,139000000,186000000,118000000,211000000,276000000,178000000,207000000,158000000,184000000,254000000,252000000,294000000,301000000,458000000,228000000,241000000,326000000,229000000,174000000,339000000,437000000,186000000,186000000
Syrian Arab Republic,SYR,arms_exp,Arms exports (SIPRI trend indicator values),..,..,..,..,..,..,..,..,..,..,14000000,..,..,..,2000000,2000000,..,0,..,..,..,..,178000000,46000000,1000000,29000000,31000000,..,15000000,..,..,..,40000000,40000000,..,..,0,0,..,..,..,..,..,..,..,..,3000000,..,..,20000000,20000000,..,..,..,..,..,..,..
Tajikistan,TJK,arms_exp,Arms exports (SIPRI trend indicator values),..,..,..,..,..,..,..,..,..,..,..,..,..,..,..,..,..,..,..,..,..,..,..,..,..,..,..,..,..,..,..,..,..,..,..,..,..,..,..,..,..,..,..,..,..,..,..,..,..,..,..,..,..,..,..,..,..,..
Tanzania,TZA,arms_exp,Arms exports (SIPRI trend indicator values),..,..,..,..,..,..,..,..,..,..,..,..,..,..,..,..,..,..,..,..,..,..,..,..,..,..,..,..,..,..,..,..,..,..,..,..,..,..,..,..,..,..,..,..,..,..,..,..,..,..,..,..,..,..,..,..,..,..
Thailand,THA,arms_exp,Arms exports (SIPRI trend indicator values),..,..,..,..,..,..,..,..,..,..,..,..,..,..,..,..,..,..,..,..,..,..,..,..,..,..,..,..,..,..,..,..,..,..,..,..,..,..,..,..,..,..,..,7000000,7000000,..,93000000,..,..,..,..,..,..,..,..,..,2000000,2000000
Timor-Leste,TLS,arms_exp,Arms exports (SIPRI trend indicator values),..,..,..,..,..,..,..,..,..,..,..,..,..,..,..,..,..,..,..,..,..,..,..,..,..,..,..,..,..,..,..,..,..,..,..,..,..,..,..,..,..,..,..,..,..,..,..,..,..,..,..,..,..,..,..,..,..,..
Togo,TGO,arms_exp,Arms exports (SIPRI trend indicator values),..,..,..,..,..,..,..,..,..,..,..,..,..,..,..,..,..,..,..,..,..,..,..,..,..,..,..,..,..,..,..,..,..,..,..,..,..,..,..,..,..,..,..,..,..,..,..,..,..,..,..,..,..,..,..,..,..,..
Tonga,TON,arms_exp,Arms exports (SIPRI trend indicator values),..,..,..,..,..,..,..,..,..,..,..,..,..,..,..,..,..,..,..,..,..,..,..,..,..,..,..,..,..,..,..,..,..,..,..,..,..,..,..,..,..,..,..,..,..,..,..,..,..,..,..,..,..,..,..,..,..,..
Trinidad and Tobago,TTO,arms_exp,Arms exports (SIPRI trend indicator values),..,..,..,..,..,..,..,..,..,..,..,..,..,..,..,..,..,..,..,..,..,..,..,..,..,..,..,..,..,..,..,..,..,..,..,..,..,..,..,..,..,..,..,..,..,..,..,..,..,..,..,..,..,..,..,..,..,..
Tunisia,TUN,arms_exp,Arms exports (SIPRI trend indicator values),..,..,..,..,..,..,..,..,..,..,..,..,..,..,..,..,..,..,..,..,..,..,..,..,..,..,..,..,..,..,..,..,..,..,..,..,..,..,..,..,..,..,..,..,..,..,..,..,..,..,..,..,..,..,..,..,..,..
Turkey,TUR,arms_exp,Arms exports (SIPRI trend indicator values),..,..,..,..,..,..,..,..,..,..,..,..,..,..,..,..,..,..,..,..,23000000,11000000,..,..,..,..,..,..,..,..,..,..,..,..,..,3000000,3000000,0,3000000,43000000,19000000,5000000,26000000,42000000,28000000,23000000,82000000,66000000,111000000,63000000,72000000,86000000,143000000,156000000,165000000,288000000,311000000,244000000
Turkmenistan,TKM,arms_exp,Arms exports (SIPRI trend indicator values),..,..,..,..,..,..,..,..,..,..,..,..,..,..,..,..,..,..,..,..,..,..,..,..,..,..,..,..,..,..,..,..,..,..,..,..,..,..,..,..,..,..,..,..,..,..,..,..,..,..,..,..,..,..,..,..,..,..
Turks and Caicos Islands,TCA,arms_exp,Arms exports (SIPRI trend indicator values),..,..,..,..,..,..,..,..,..,..,..,..,..,..,..,..,..,..,..,..,..,..,..,..,..,..,..,..,..,..,..,..,..,..,..,..,..,..,..,..,..,..,..,..,..,..,..,..,..,..,..,..,..,..,..,..,..,..
Tuvalu,TUV,arms_exp,Arms exports (SIPRI trend indicator values),..,..,..,..,..,..,..,..,..,..,..,..,..,..,..,..,..,..,..,..,..,..,..,..,..,..,..,..,..,..,..,..,..,..,..,..,..,..,..,..,..,..,..,..,..,..,..,..,..,..,..,..,..,..,..,..,..,..
Uganda,UGA,arms_exp,Arms exports (SIPRI trend indicator values),..,..,..,..,..,..,..,..,0,..,..,..,..,..,..,..,..,..,..,..,..,..,..,..,..,..,..,..,..,..,..,..,..,..,..,..,..,..,..,..,..,..,..,..,..,..,..,..,..,..,..,..,..,..,..,..,..,..
Ukraine,UKR,arms_exp,Arms exports (SIPRI trend indicator values),..,..,..,..,..,..,..,..,..,..,..,..,..,..,..,..,..,..,..,..,..,..,..,..,..,..,..,..,..,..,..,..,165000000,82000000,236000000,167000000,256000000,558000000,708000000,732000000,270000000,511000000,310000000,307000000,199000000,292000000,544000000,631000000,388000000,414000000,479000000,569000000,1487000000,655000000,651000000,400000000,535000000,240000000
United Arab Emirates,ARE,arms_exp,Arms exports (SIPRI trend indicator values),..,..,..,..,..,..,..,..,..,..,..,..,..,..,8000000,..,..,..,..,..,..,..,..,14000000,..,..,..,1000000,..,..,2000000,..,..,..,..,28000000,6000000,32000000,..,..,..,..,..,..,3000000,11000000,17000000,3000000,1000000,34000000,39000000,3000000,..,33000000,30000000,112000000,73000000,72000000
United Kingdom,GBR,arms_exp,Arms exports (SIPRI trend indicator values),2147000000,1174000000,1115000000,1297000000,1405000000,1473000000,1340000000,1976000000,1617000000,1761000000,887000000,2144000000,2364000000,2751000000,2337000000,2335000000,2434000000,2128000000,2141000000,1451000000,1638000000,2333000000,2525000000,2514000000,2532000000,2121000000,1968000000,3587000000,2551000000,3549000000,1867000000,1523000000,1180000000,1421000000,1539000000,1475000000,1662000000,2386000000,1413000000,1368000000,1623000000,1377000000,1090000000,744000000,1206000000,1060000000,987000000,974000000,967000000,1050000000,1151000000,1025000000,899000000,1580000000,1645000000,1149000000,1365000000,1214000000
United States,USA,arms_exp,Arms exports (SIPRI trend indicator values),6055000000,6338000000,5964000000,8944000000,12235000000,11155000000,8404000000,7256000000,8447000000,11762000000,9007000000,11723000000,10787000000,12025000000,12251000000,16157000000,15738000000,14431000000,14068000000,9719000000,10730000000,13611000000,14015000000,13939000000,11887000000,10801000000,11683000000,12258000000,11884000000,11344000000,10732000000,12515000000,14132000000,13847000000,11523000000,11216000000,10891000000,14552000000,15728000000,11568000000,7605000000,5693000000,4967000000,5670000000,6850000000,6777000000,7512000000,7866000000,6828000000,6912000000,8063000000,9087000000,9122000000,7660000000,9656000000,10048000000,10304000000,12394000000
Upper middle income,UMC,arms_exp,Arms exports (SIPRI trend indicator values),317000000,80000000,..,..,..,..,..,443000000,..,691000000,..,..,..,..,..,..,..,..,..,..,..,..,..,..,..,..,..,..,..,..,..,..,..,..,..,4991000000,..,..,..,..,..,..,..,..,7010000000,..,6456000000,..,7560000000,6495000000,8314000000,10212000000,10372000000,10530000000,6792000000,8089000000,9859000000,..
Uruguay,URY,arms_exp,Arms exports (SIPRI trend indicator values),6000000,..,..,..,..,..,..,..,..,..,..,..,..,..,..,..,..,..,..,..,..,..,..,..,..,..,..,..,..,..,..,..,..,..,..,..,..,..,..,..,1000000,..,..,..,..,..,..,..,..,..,..,..,..,..,..,..,..,..
Uzbekistan,UZB,arms_exp,Arms exports (SIPRI trend indicator values),..,..,..,..,..,..,..,..,..,..,..,..,..,..,..,..,..,..,..,..,..,..,..,..,..,..,..,..,..,..,..,..,..,..,..,..,..,..,..,..,..,..,..,252000000,126000000,4000000,..,..,..,209000000,209000000,209000000,..,..,..,34000000,68000000,..
Vanuatu,VUT,arms_exp,Arms exports (SIPRI trend indicator values),..,..,..,..,..,..,..,..,..,..,..,..,..,..,..,..,..,..,..,..,..,..,..,..,..,..,..,..,..,..,..,..,..,..,..,..,..,..,..,..,..,..,..,..,..,..,..,..,..,..,..,..,..,..,..,..,..,..
"Venezuela, RB",VEN,arms_exp,Arms exports (SIPRI trend indicator values),..,..,..,..,..,..,..,..,..,17000000,..,..,..,..,..,13000000,..,..,..,..,..,..,..,..,..,..,..,0,..,..,..,..,..,..,..,..,..,..,..,..,..,..,..,..,1000000,..,7000000,..,3000000,40000000,..,..,..,..,..,..,..,..
Vietnam,VNM,arms_exp,Arms exports (SIPRI trend indicator values),..,..,..,..,..,..,..,..,..,..,..,..,0,..,..,..,..,..,..,..,..,..,..,..,..,..,..,..,..,..,..,..,..,..,..,..,..,..,..,..,..,..,..,..,..,..,14000000,..,..,..,..,..,..,..,..,..,..,..
Virgin Islands (U.S.),VIR,arms_exp,Arms exports (SIPRI trend indicator values),..,..,..,..,..,..,..,..,..,..,..,..,..,..,..,..,..,..,..,..,..,..,..,..,..,..,..,..,..,..,..,..,..,..,..,..,..,..,..,..,..,..,..,..,..,..,..,..,..,..,..,..,..,..,..,..,..,..
West Bank and Gaza,PSE,arms_exp,Arms exports (SIPRI trend indicator values),..,..,..,..,..,..,..,..,..,..,..,..,..,..,..,..,..,..,..,..,..,..,..,..,..,..,..,..,..,..,..,..,..,..,..,..,..,..,..,..,..,..,..,..,..,..,..,..,..,..,..,..,..,..,..,..,..,..
World,WLD,arms_exp,Arms exports (SIPRI trend indicator values),..,..,..,..,..,..,..,..,..,..,..,..,..,..,..,..,..,..,..,..,..,..,..,..,..,..,..,..,..,..,..,..,..,..,..,..,..,..,..,..,..,..,..,..,..,..,..,..,..,..,..,..,..,..,..,..,..,..
"Yemen, Rep.",YEM,arms_exp,Arms exports (SIPRI trend indicator values),..,..,..,..,..,..,..,..,..,..,..,..,..,..,..,6000000,..,..,..,..,..,..,..,..,..,..,51000000,..,..,..,..,..,..,..,..,..,..,..,..,..,..,..,..,..,..,..,..,..,..,..,..,..,..,..,..,..,..,..
Zambia,ZMB,arms_exp,Arms exports (SIPRI trend indicator values),..,..,..,..,..,..,..,..,..,..,..,..,..,..,..,..,..,..,..,..,..,..,..,..,..,..,..,..,..,..,2000000,..,..,..,..,..,..,..,..,..,..,..,..,..,..,..,..,..,..,..,..,..,..,..,..,..,..,..
Zimbabwe,ZWE,arms_exp,Arms exports (SIPRI trend indicator values),..,..,..,..,3000000,..,..,..,..,..,..,..,..,..,..,..,..,..,..,..,..,..,..,..,..,..,..,..,..,..,..,..,..,..,..,..,..,..,..,..,..,4000000,..,..,..,..,..,..,..,..,..,..,..,..,..,..,..,..
