name,code,series_code,series,1960,1961,1962,1963,1964,1965,1966,1967,1968,1969,1970,1971,1972,1973,1974,1975,1976,1977,1978,1979,1980,1981,1982,1983,1984,1985,1986,1987,1988,1989,1990,1991,1992,1993,1994,1995,1996,1997,1998,1999,2000,2001,2002,2003,2004,2005,2006,2007,2008
Afghanistan,AFG,battle_deaths,Best Estimates of yearly battledeaths in civil wars. ,0,0,0,0,0,0,0,0,0,0,0,0,0,0,0,0,0,0,..,30000,35000,30000,35000,55000,80000,65000,60000,45000,30000,15000,"13420,42",13237,"13567,16","13200,32",10000,5000,5000,3000,7000,"6673,527","6746,895",2877,0,1200,621,1268,3154,6233,4489
Albania,ALB,battle_deaths,Best Estimates of yearly battledeaths in civil wars. ,0,0,0,0,0,0,0,0,0,0,0,0,0,0,0,0,0,0,0,0,0,0,0,0,0,0,0,0,0,0,0,0,0,0,0,0,0,0,0,0,0,0,0,0,0,0,0,0,0
Algeria,DZA,battle_deaths,Best Estimates of yearly battledeaths in civil wars. ,..,20281,20281,0,0,0,0,0,0,0,0,0,0,0,0,0,0,0,0,0,0,0,0,0,0,0,0,0,0,0,0,"3266,257","3307,417","3344,1","6893,63","13273,69","9936,923","13273,69","13347,05","2031,405","1705,066","1150,288",304,198,500,490,191,467,339
American Samoa,ASM,battle_deaths,Best Estimates of yearly battledeaths in civil wars. ,0,0,0,0,0,0,0,0,0,0,0,0,0,0,0,0,0,0,0,0,0,0,0,0,0,0,0,0,0,0,0,0,0,0,0,0,0,0,0,0,0,0,0,0,0,0,0,0,0
Andorra,ADO,battle_deaths,Best Estimates of yearly battledeaths in civil wars. ,0,0,0,0,0,0,0,0,0,0,0,0,0,0,0,0,0,0,0,0,0,0,0,0,0,0,0,0,0,0,0,0,0,0,0,0,0,0,0,0,0,0,0,0,0,0,0,0,0
Angola,AGO,battle_deaths,Best Estimates of yearly battledeaths in civil wars. ,0,5642,5642,5643,5643,5643,5643,5643,5643,5643,5643,5643,5643,5643,5643,5882,5882,5882,5882,5882,5882,5882,5882,5882,5882,5882,5883,5883,5883,5883,5883,"4566,94",3000,20000,"13280,74","1015,703","151,9504","153,7846","1827,669","13787,26","1378,726","1378,726",715,0,37,0,0,25,0
Antigua and Barbuda,ATG,battle_deaths,Best Estimates of yearly battledeaths in civil wars. ,0,0,0,0,0,0,0,0,0,0,0,0,0,0,0,0,0,0,0,0,0,0,0,0,0,0,0,0,0,0,0,0,0,0,0,0,0,0,0,0,0,0,0,0,0,0,0,0,0
Argentina,ARG,battle_deaths,Best Estimates of yearly battledeaths in civil wars. ,0,0,0,25,0,0,0,0,0,0,0,0,0,..,1520,1000,1480,677,0,0,0,0,0,0,0,0,0,0,0,0,0,0,0,0,0,0,0,0,0,0,0,0,0,0,0,0,0,0,0
Armenia,ARM,battle_deaths,Best Estimates of yearly battledeaths in civil wars. ,0,0,0,0,0,0,0,0,0,0,0,0,0,0,0,0,0,0,0,0,0,0,0,0,0,0,0,0,0,0,0,0,0,0,0,0,0,0,0,0,0,0,0,0,0,0,0,0,0
Aruba,ABW,battle_deaths,Best Estimates of yearly battledeaths in civil wars. ,0,0,0,0,0,0,0,0,0,0,0,0,0,0,0,0,0,0,0,0,0,0,0,0,0,0,0,0,0,0,0,0,0,0,0,0,0,0,0,0,0,0,0,0,0,0,0,0,0
Australia,AUS,battle_deaths,Best Estimates of yearly battledeaths in civil wars. ,0,0,0,0,0,0,0,0,0,0,0,0,0,0,0,0,0,0,0,0,0,0,0,0,0,0,0,0,0,0,0,0,0,0,0,0,0,0,0,0,0,0,0,0,0,0,0,0,0
Austria,AUT,battle_deaths,Best Estimates of yearly battledeaths in civil wars. ,0,0,0,0,0,0,0,0,0,0,0,0,0,0,0,0,0,0,0,0,0,0,0,0,0,0,0,0,0,0,0,0,0,0,0,0,0,0,0,0,0,0,0,0,0,0,0,0,0
Azerbaijan,AZE,battle_deaths,Best Estimates of yearly battledeaths in civil wars. ,0,0,0,0,0,0,0,0,0,0,0,0,0,0,0,0,0,0,0,0,0,0,0,0,0,0,0,0,0,0,0,0,1200,"3959,455","4315,782",50,0,0,0,0,0,0,0,0,0,83,0,0,0
"Bahamas, The",BHS,battle_deaths,Best Estimates of yearly battledeaths in civil wars. ,0,0,0,0,0,0,0,0,0,0,0,0,0,0,0,0,0,0,0,0,0,0,0,0,0,0,0,0,0,0,0,0,0,0,0,0,0,0,0,0,0,0,0,0,0,0,0,0,0
Bahrain,BHR,battle_deaths,Best Estimates of yearly battledeaths in civil wars. ,0,0,0,0,0,0,0,0,0,0,0,0,0,0,0,0,0,0,0,0,0,0,0,0,0,0,0,0,0,0,0,0,0,0,0,0,0,0,0,0,0,0,0,0,0,0,0,0,0
Bangladesh,BGD,battle_deaths,Best Estimates of yearly battledeaths in civil wars. ,0,0,0,0,0,0,0,0,0,0,0,0,0,0,..,71,71,71,71,71,71,71,71,72,72,72,72,72,72,25,43,46,38,0,0,0,0,0,0,0,0,0,0,0,0,0,0,0,0
Barbados,BRB,battle_deaths,Best Estimates of yearly battledeaths in civil wars. ,0,0,0,0,0,0,0,0,0,0,0,0,0,0,0,0,0,0,0,0,0,0,0,0,0,0,0,0,0,0,0,0,0,0,0,0,0,0,0,0,0,0,0,0,0,0,0,0,0
Belarus,BLR,battle_deaths,Best Estimates of yearly battledeaths in civil wars. ,0,0,0,0,0,0,0,0,0,0,0,0,0,0,0,0,0,0,0,0,0,0,0,0,0,0,0,0,0,0,0,0,0,0,0,0,0,0,0,0,0,0,0,0,0,0,0,0,0
Belgium,BEL,battle_deaths,Best Estimates of yearly battledeaths in civil wars. ,0,0,0,0,0,0,0,0,0,0,0,0,0,0,0,0,0,0,0,0,0,0,0,0,0,0,0,0,0,0,0,0,0,0,0,0,0,0,0,0,0,0,0,0,0,0,0,0,0
Belize,BLZ,battle_deaths,Best Estimates of yearly battledeaths in civil wars. ,0,0,0,0,0,0,0,0,0,0,0,0,0,0,0,0,0,0,0,0,0,0,0,0,0,0,0,0,0,0,0,0,0,0,0,0,0,0,0,0,0,0,0,0,0,0,0,0,0
Benin,BEN,battle_deaths,Best Estimates of yearly battledeaths in civil wars. ,0,0,0,0,0,0,0,0,0,0,0,0,0,0,0,0,0,0,0,0,0,0,0,0,0,0,0,0,0,0,0,0,0,0,0,0,0,0,0,0,0,0,0,0,0,0,0,0,0
Bermuda,BMU,battle_deaths,Best Estimates of yearly battledeaths in civil wars. ,0,0,0,0,0,0,0,0,0,0,0,0,0,0,0,0,0,0,0,0,0,0,0,0,0,0,0,0,0,0,0,0,0,0,0,0,0,0,0,0,0,0,0,0,0,0,0,0,0
Bhutan,BTN,battle_deaths,Best Estimates of yearly battledeaths in civil wars. ,0,0,0,0,0,0,0,0,0,0,0,0,0,0,0,0,0,0,0,0,0,0,0,0,0,0,0,0,0,0,0,0,0,0,0,0,0,0,0,0,0,0,0,0,0,0,0,0,0
Bolivia,BOL,battle_deaths,Best Estimates of yearly battledeaths in civil wars. ,0,0,0,0,0,0,0,82,0,0,0,0,0,0,0,0,0,0,0,0,0,0,0,0,0,0,0,0,0,0,0,0,0,0,0,0,0,0,0,0,0,0,0,0,0,0,0,0,0
Bosnia and Herzegovina,BIH,battle_deaths,Best Estimates of yearly battledeaths in civil wars. ,0,0,0,0,0,0,0,0,0,0,0,0,0,0,0,0,0,0,0,0,0,0,0,0,0,0,0,0,0,0,0,0,17000,"21693,31","11099,74","1299,966",0,0,0,0,0,0,0,0,0,0,0,0,0
Botswana,BWA,battle_deaths,Best Estimates of yearly battledeaths in civil wars. ,0,0,0,0,0,0,0,0,0,0,0,0,0,0,0,0,0,0,0,0,0,0,0,0,0,0,0,0,0,0,0,0,0,0,0,0,0,0,0,0,0,0,0,0,0,0,0,0,0
Brazil,BRA,battle_deaths,Best Estimates of yearly battledeaths in civil wars. ,0,0,0,0,0,0,0,0,0,0,0,0,0,0,0,0,0,0,0,0,0,0,0,0,0,0,0,0,0,0,0,0,0,0,0,0,0,0,0,0,0,0,0,0,0,0,0,0,0
Brunei Darussalam,BRN,battle_deaths,Best Estimates of yearly battledeaths in civil wars. ,0,0,45,0,0,0,0,0,0,0,0,0,0,0,0,0,0,0,0,0,0,0,0,0,0,0,0,0,0,0,0,0,0,0,0,0,0,0,0,0,0,0,0,0,0,0,0,0,0
Bulgaria,BGR,battle_deaths,Best Estimates of yearly battledeaths in civil wars. ,0,0,0,0,0,0,0,0,0,0,0,0,0,0,0,0,0,0,0,0,0,0,0,0,0,0,0,0,0,0,0,0,0,0,0,0,0,0,0,0,0,0,0,0,0,0,0,0,0
Burkina Faso,BFA,battle_deaths,Best Estimates of yearly battledeaths in civil wars. ,0,0,0,0,0,0,0,0,0,0,0,0,0,0,0,0,0,0,0,0,0,0,0,0,0,..,0,100,0,0,0,0,0,0,0,0,0,0,0,0,0,0,0,0,0,0,0,0,0
Burundi,BDI,battle_deaths,Best Estimates of yearly battledeaths in civil wars. ,0,0,0,0,0,50,0,0,0,0,0,0,0,0,0,0,0,0,0,0,0,0,0,0,0,0,0,0,0,0,0,"1001,029","983,2741",0,"536,8169","663,0317","670,3684","711,3733","1443,994",600,1000,1000,1000,938,377,284,137,0,201
Cambodia,KHM,battle_deaths,Best Estimates of yearly battledeaths in civil wars. ,0,0,0,0,0,0,0,1000,950,950,37420,37420,37420,37420,37420,60000,0,0,32500,32500,6971,6971,6971,6971,6972,6972,6972,1000,200,1000,1000,75,"132,37",200,25,25,25,50,25,0,0,0,0,0,0,0,0,0,0
Cameroon,CMR,battle_deaths,Best Estimates of yearly battledeaths in civil wars. ,"132736,9","132736,9",0,0,0,0,0,0,0,0,0,0,0,0,0,0,0,0,0,0,0,0,0,0,500,0,0,0,0,0,0,0,0,0,0,0,0,0,0,0,0,0,0,0,0,0,0,0,0
Canada,CAN,battle_deaths,Best Estimates of yearly battledeaths in civil wars. ,0,0,0,0,0,0,0,0,0,0,0,0,0,0,0,0,0,0,0,0,0,0,0,0,0,0,0,0,0,0,0,0,0,0,0,0,0,0,0,0,0,0,0,0,0,0,0,0,0
Cape Verde,CPV,battle_deaths,Best Estimates of yearly battledeaths in civil wars. ,0,0,0,0,0,0,0,0,0,0,0,0,0,0,0,0,0,0,0,0,0,0,0,0,0,0,0,0,0,0,0,0,0,0,0,0,0,0,0,0,0,0,0,0,0,0,0,0,0
Cayman Islands,CYM,battle_deaths,Best Estimates of yearly battledeaths in civil wars. ,0,0,0,0,0,0,0,0,0,0,0,0,0,0,0,0,0,0,0,0,0,0,0,0,0,0,0,0,0,0,0,0,0,0,0,0,0,0,0,0,0,0,0,0,0,0,0,0,0
Central African Republic,CAF,battle_deaths,Best Estimates of yearly battledeaths in civil wars. ,0,0,0,0,0,0,0,0,0,0,0,0,0,0,0,0,0,0,0,0,0,0,0,0,0,0,0,0,0,0,0,0,0,0,0,0,55,141,0,0,0,"200,2058",105,0,0,0,45,0,0
Chad,TCD,battle_deaths,Best Estimates of yearly battledeaths in civil wars. ,0,0,0,0,0,..,1511,1511,1511,1511,1511,1511,1511,..,..,..,1511,1511,1511,1511,1511,1511,1511,1511,1511,..,1512,1512,..,800,5800,200,"413,6178","653,8607","653,8607",0,0,100,110,65,553,100,418,0,0,100,1400,1044,713
Channel Islands,CHI,battle_deaths,Best Estimates of yearly battledeaths in civil wars. ,0,0,0,0,0,0,0,0,0,0,0,0,0,0,0,0,0,0,0,0,0,0,0,0,0,0,0,0,0,0,0,0,0,0,0,0,0,0,0,0,0,0,0,0,0,0,0,0,0
Chile,CHL,battle_deaths,Best Estimates of yearly battledeaths in civil wars. ,0,0,0,0,0,0,0,0,0,0,0,0,0,2095,0,0,0,0,0,0,0,0,0,0,0,0,0,0,0,0,0,0,0,0,0,0,0,0,0,0,0,0,0,0,0,0,0,0,0
China,CHN,battle_deaths,Best Estimates of yearly battledeaths in civil wars. ,0,0,0,0,0,0,0,0,0,0,0,0,0,0,0,0,0,0,0,0,0,0,0,0,0,0,0,0,0,0,0,0,0,0,0,0,0,0,0,0,0,0,0,0,0,0,0,0,0
Colombia,COL,battle_deaths,Best Estimates of yearly battledeaths in civil wars. ,0,0,0,0,230,200,100,70,60,90,120,50,50,300,55,40,100,40,200,170,200,340,130,250,380,500,300,200,1098,692,1069,1120,1471,1112,1044,937,1092,1150,1412,1326,1469,1463,2504,2576,3114,2919,2957,3131,1937
Comoros,COM,battle_deaths,Best Estimates of yearly battledeaths in civil wars. ,0,0,0,0,0,0,0,0,0,0,0,0,0,0,0,0,0,0,0,0,0,0,0,0,0,0,0,0,0,27,0,0,0,0,0,0,0,56,0,0,0,0,0,0,0,0,0,0,0
"Congo, Dem. Rep.",ZAR,battle_deaths,Best Estimates of yearly battledeaths in civil wars. ,"1307,721","1307,721","1307,721",0,3246,3246,0,778,0,0,0,0,0,0,0,0,0,326,593,0,0,0,0,0,0,0,0,0,0,0,0,0,0,0,0,0,1800,2200,36250,36250,36250,36250,0,0,0,0,591,1417,610
"Congo, Rep.",COG,battle_deaths,Best Estimates of yearly battledeaths in civil wars. ,0,0,0,0,0,0,0,0,0,0,0,0,0,0,0,0,0,0,0,0,0,0,0,0,0,0,0,0,0,0,0,0,0,"659,8692","668,8201",0,0,7000,"1560,619",600,0,0,116,0,0,0,0,0,0
Costa Rica,CRI,battle_deaths,Best Estimates of yearly battledeaths in civil wars. ,0,0,0,0,0,0,0,0,0,0,0,0,0,0,0,0,0,0,0,0,0,0,0,0,0,0,0,0,0,0,0,0,0,0,0,0,0,0,0,0,0,0,0,0,0,0,0,0,0
Cote d'Ivoire,CIV,battle_deaths,Best Estimates of yearly battledeaths in civil wars. ,0,0,0,0,0,0,0,0,0,0,0,0,0,0,0,0,0,0,0,0,0,0,0,0,0,0,0,0,0,0,0,0,0,0,0,0,0,0,0,0,0,0,611,600,54,0,0,0,0
Croatia,HRV,battle_deaths,Best Estimates of yearly battledeaths in civil wars. ,0,0,0,0,0,0,0,0,0,0,0,0,0,0,0,0,0,0,0,0,0,0,0,0,0,0,0,0,0,0,0,0,"2618,053","333,6764",0,"689,363",0,0,0,0,0,0,0,0,0,0,0,0,0
Cuba,CUB,battle_deaths,Best Estimates of yearly battledeaths in civil wars. ,0,"913,3347",0,0,0,0,0,0,0,0,0,0,0,0,0,0,0,0,0,0,0,0,0,0,0,0,0,0,0,0,0,0,0,0,0,0,0,0,0,0,0,0,0,0,0,0,0,0,0
Cyprus,CYP,battle_deaths,Best Estimates of yearly battledeaths in civil wars. ,0,0,0,0,0,0,0,0,0,0,0,0,0,0,0,0,0,0,0,0,0,0,0,0,0,0,0,0,0,0,0,0,0,0,0,0,0,0,0,0,0,0,0,0,0,0,0,0,0
Czech Republic,CZE,battle_deaths,Best Estimates of yearly battledeaths in civil wars. ,0,0,0,0,0,0,0,0,0,0,0,0,0,0,0,0,0,0,0,0,0,0,0,0,0,0,0,0,0,0,0,0,0,0,0,0,0,0,0,0,0,0,0,0,0,0,0,0,0
Denmark,DNK,battle_deaths,Best Estimates of yearly battledeaths in civil wars. ,0,0,0,0,0,0,0,0,0,0,0,0,0,0,0,0,0,0,0,0,0,0,0,0,0,0,0,0,0,0,0,0,0,0,0,0,0,0,0,0,0,0,0,0,0,0,0,0,0
Djibouti,DJI,battle_deaths,Best Estimates of yearly battledeaths in civil wars. ,0,0,0,0,0,0,0,0,0,0,0,0,0,0,0,0,0,0,0,0,0,0,0,0,0,0,0,0,0,0,0,200,490,25,25,0,0,0,0,25,0,0,0,0,0,0,0,0,0
Dominica,DMA,battle_deaths,Best Estimates of yearly battledeaths in civil wars. ,0,0,0,0,0,0,0,0,0,0,0,0,0,0,0,0,0,0,0,0,0,0,0,0,0,0,0,0,0,0,0,0,0,0,0,0,0,0,0,0,0,0,0,0,0,0,0,0,0
Dominican Republic,DOM,battle_deaths,Best Estimates of yearly battledeaths in civil wars. ,0,0,0,0,0,4027,0,0,0,0,0,0,0,0,0,0,0,0,0,0,0,0,0,0,0,0,0,0,0,0,0,0,0,0,0,0,0,0,0,0,0,0,0,0,0,0,0,0,0
Ecuador,ECU,battle_deaths,Best Estimates of yearly battledeaths in civil wars. ,0,0,0,0,0,0,0,0,0,0,0,0,0,0,0,0,0,0,0,0,0,0,0,0,0,0,0,0,0,0,0,0,0,0,0,0,0,0,0,0,0,0,0,0,0,0,0,0,0
"Egypt, Arab Rep.",EGY,battle_deaths,Best Estimates of yearly battledeaths in civil wars. ,0,0,0,0,0,0,0,0,0,0,0,0,0,0,0,0,0,0,0,0,0,0,0,0,0,0,0,0,0,0,0,0,0,102,286,375,80,45,30,0,0,0,0,0,0,0,0,0,0
El Salvador,SLV,battle_deaths,Best Estimates of yearly battledeaths in civil wars. ,0,0,0,0,0,0,0,0,0,0,0,0,300,0,0,0,0,0,0,300,399,13001,5000,9000,6000,4000,4000,3000,1000,6800,2000,500,0,0,0,0,0,0,0,0,0,0,0,0,0,0,0,0,0
Equatorial Guinea,GNQ,battle_deaths,Best Estimates of yearly battledeaths in civil wars. ,0,0,0,0,0,0,0,0,0,0,0,0,0,0,0,0,0,0,0,"657,1622",0,0,0,0,0,0,0,0,0,0,0,0,0,0,0,0,0,0,0,0,0,0,0,0,0,0,0,0,0
Eritrea,ERI,battle_deaths,Best Estimates of yearly battledeaths in civil wars. ,0,0,0,0,0,0,0,0,0,0,0,0,0,0,0,0,0,0,0,0,0,0,0,0,0,0,0,0,0,0,0,0,0,0,0,0,0,48,0,239,0,0,0,57,0,0,0,0,0
Estonia,EST,battle_deaths,Best Estimates of yearly battledeaths in civil wars. ,0,0,0,0,0,0,0,0,0,0,0,0,0,0,0,0,0,0,0,0,0,0,0,0,0,0,0,0,0,0,0,0,0,0,0,0,0,0,0,0,0,0,0,0,0,0,0,0,0
Ethiopia,ETH,battle_deaths,Best Estimates of yearly battledeaths in civil wars. ,324,0,..,..,"8160,324","8160,324","8160,324","8160,324","8160,324","8160,324","8160,324","8160,324","8160,324","8160,324","8768,835","9422,695","25625,22","25625,22","25625,22","15614,93","16268,79","16268,79","15614,93","16268,79",15615,15615,"14961,14",15615,15615,"16268,87","16268,87","16268,87","653,8607",0,"1307,721","1307,721","1701,163",..,"653,8607","1277,574","623,7136","623,7136",50,25,50,50,50,171,"1910,797"
Faeroe Islands,FRO,battle_deaths,Best Estimates of yearly battledeaths in civil wars. ,0,0,0,0,0,0,0,0,0,0,0,0,0,0,0,0,0,0,0,0,0,0,0,0,0,0,0,0,0,0,0,0,0,0,0,0,0,0,0,0,0,0,0,0,0,0,0,0,0
Fiji,FJI,battle_deaths,Best Estimates of yearly battledeaths in civil wars. ,0,0,0,0,0,0,0,0,0,0,0,0,0,0,0,0,0,0,0,0,0,0,0,0,0,0,0,0,0,0,0,0,0,0,0,0,0,0,0,0,0,0,0,0,0,0,0,0,0
Finland,FIN,battle_deaths,Best Estimates of yearly battledeaths in civil wars. ,0,0,0,0,0,0,0,0,0,0,0,0,0,0,0,0,0,0,0,0,0,0,0,0,0,0,0,0,0,0,0,0,0,0,0,0,0,0,0,0,0,0,0,0,0,0,0,0,0
France,FRA,battle_deaths,Best Estimates of yearly battledeaths in civil wars. ,0,1180,1180,0,0,0,0,0,0,0,0,0,0,0,0,0,0,0,0,0,0,0,0,0,0,0,0,0,0,0,0,0,0,0,0,0,0,0,0,0,0,0,0,0,0,0,0,0,0
French Polynesia,PYF,battle_deaths,Best Estimates of yearly battledeaths in civil wars. ,0,0,0,0,0,0,0,0,0,0,0,0,0,0,0,0,0,0,0,0,0,0,0,0,0,0,0,0,0,0,0,0,0,0,0,0,0,0,0,0,0,0,0,0,0,0,0,0,0
Gabon,GAB,battle_deaths,Best Estimates of yearly battledeaths in civil wars. ,0,0,0,0,30,0,0,0,0,0,0,0,0,0,0,0,0,0,0,0,0,0,0,0,0,0,0,0,0,0,0,0,0,0,0,0,0,0,0,0,0,0,0,0,0,0,0,0,0
"Gambia, The",GMB,battle_deaths,Best Estimates of yearly battledeaths in civil wars. ,0,0,0,0,0,0,0,0,0,0,0,0,0,0,0,0,0,0,0,0,0,"564,7013",0,0,0,0,0,0,0,0,0,0,0,0,0,0,0,0,0,0,0,0,0,0,0,0,0,0,0
Georgia,GEO,battle_deaths,Best Estimates of yearly battledeaths in civil wars. ,0,0,0,0,0,0,0,0,0,0,0,0,0,0,0,0,0,0,0,0,0,0,0,0,0,0,0,0,0,0,0,113,"2027,737","4066,406",0,0,0,0,0,0,0,0,0,0,27,0,0,0,621
Germany,DEU,battle_deaths,Best Estimates of yearly battledeaths in civil wars. ,0,0,0,0,0,0,0,0,0,0,0,0,0,0,0,0,0,0,0,0,0,0,0,0,0,0,0,0,0,0,0,0,0,0,0,0,0,0,0,0,0,0,0,0,0,0,0,0,0
Ghana,GHA,battle_deaths,Best Estimates of yearly battledeaths in civil wars. ,0,0,0,0,0,0,27,0,0,0,0,0,0,0,0,0,0,0,0,0,0,"47,88857",0,26,0,0,0,0,0,0,0,0,0,0,0,0,0,0,0,0,0,0,0,0,0,0,0,0,0
Greece,GRC,battle_deaths,Best Estimates of yearly battledeaths in civil wars. ,0,0,0,0,0,0,0,0,0,0,0,0,0,0,0,0,0,0,0,0,0,0,0,0,0,0,0,0,0,0,0,0,0,0,0,0,0,0,0,0,0,0,0,0,0,0,0,0,0
Greenland,GRL,battle_deaths,Best Estimates of yearly battledeaths in civil wars. ,0,0,0,0,0,0,0,0,0,0,0,0,0,0,0,0,0,0,0,0,0,0,0,0,0,0,0,0,0,0,0,0,0,0,0,0,0,0,0,0,0,0,0,0,0,0,0,0,0
Grenada,GRD,battle_deaths,Best Estimates of yearly battledeaths in civil wars. ,0,0,0,0,0,0,0,0,0,0,0,0,0,0,0,0,0,0,0,0,0,0,0,0,0,0,0,0,0,0,0,0,0,0,0,0,0,0,0,0,0,0,0,0,0,0,0,0,0
Guam,GUM,battle_deaths,Best Estimates of yearly battledeaths in civil wars. ,0,0,0,0,0,0,0,0,0,0,0,0,0,0,0,0,0,0,0,0,0,0,0,0,0,0,0,0,0,0,0,0,0,0,0,0,0,0,0,0,0,0,0,0,0,0,0,0,0
Guatemala,GTM,battle_deaths,Best Estimates of yearly battledeaths in civil wars. ,0,0,0,0,0,300,300,350,950,1600,1600,1600,1600,1000,1000,1000,1000,1000,1600,1600,3000,6000,9000,2000,1600,1600,1600,1000,500,500,500,950,950,200,200,200,0,0,0,0,0,0,0,0,0,0,0,0,0
Guinea,GIN,battle_deaths,Best Estimates of yearly battledeaths in civil wars. ,0,0,0,0,0,0,0,0,0,0,..,0,0,0,0,0,0,0,0,0,0,0,0,0,0,0,0,0,0,0,0,0,0,0,0,0,0,0,0,0,"668,6733","505,1455",0,0,0,0,0,0,0
Guinea-Bissau,GNB,battle_deaths,Best Estimates of yearly battledeaths in civil wars. ,0,0,0,1363,1363,1363,1363,1364,1364,1364,1364,1364,1364,1364,0,0,0,0,0,0,0,0,0,0,0,0,0,0,0,0,0,0,0,0,0,0,0,0,"1378,726","704,0365",0,0,0,0,0,0,0,0,0
Guyana,GUY,battle_deaths,Best Estimates of yearly battledeaths in civil wars. ,0,0,0,0,0,0,0,0,0,0,0,0,0,0,0,0,0,0,0,0,0,0,0,0,0,0,0,0,0,0,0,0,0,0,0,0,0,0,0,0,0,0,0,0,0,0,0,0,0
Haiti,HTI,battle_deaths,Best Estimates of yearly battledeaths in civil wars. ,0,0,0,0,0,0,0,0,0,0,0,0,0,0,0,0,0,0,0,0,0,0,0,0,0,0,0,0,0,"28,3082",0,"670,3684",0,0,0,0,0,0,0,0,0,0,0,0,244,0,0,0,0
Honduras,HND,battle_deaths,Best Estimates of yearly battledeaths in civil wars. ,0,0,0,0,0,0,0,0,0,0,0,0,0,0,0,0,0,0,0,0,0,0,0,0,0,0,0,0,0,0,0,0,0,0,0,0,0,0,0,0,0,0,0,0,0,0,0,0,0
"Hong Kong, China",HKG,battle_deaths,Best Estimates of yearly battledeaths in civil wars. ,0,0,0,0,0,0,0,0,0,0,0,0,0,0,0,0,0,0,0,0,0,0,0,0,0,0,0,0,0,0,0,0,0,0,0,0,0,0,0,0,0,0,0,0,0,0,0,0,0
Hungary,HUN,battle_deaths,Best Estimates of yearly battledeaths in civil wars. ,0,0,0,0,0,0,0,0,0,0,0,0,0,0,0,0,0,0,0,0,0,0,0,0,0,0,0,0,0,0,0,0,0,0,0,0,0,0,0,0,0,0,0,0,0,0,0,0,0
Iceland,ISL,battle_deaths,Best Estimates of yearly battledeaths in civil wars. ,0,0,0,0,0,0,0,0,0,0,0,0,0,0,0,0,0,0,0,0,0,0,0,0,0,0,0,0,0,0,0,0,0,0,0,0,0,0,0,0,0,0,0,0,0,0,0,0,0
India,IND,battle_deaths,Best Estimates of yearly battledeaths in civil wars. ,0,"658,6296","654,3743","653,8607","653,714","653,8607","1315,645","1307,428","1320,561",82,82,83,..,0,0,0,0,0,"653,8607","653,8607","1959,872",125,"1307,721","1458,582","3058,376","1360,136","1749,971","2373,838","3041,772",2227,5803,7128,6654,4566,3919,3799,4348,4410,4204,4114,5351,5734,3824,3842,2861,3198,2477,2350,1962
Indonesia,IDN,battle_deaths,Best Estimates of yearly battledeaths in civil wars. ,6697,6697,0,0,0,"1633,532",0,"1633,532","1633,532","1633,532",0,0,0,0,0,5357,8190,8190,8191,5357,5357,5357,5357,5357,5357,5357,5357,5358,5358,"35,34856",1150,1150,"67,24885",0,0,0,0,"69,08304","655,1737",300,194,205,112,478,738,213,0,0,0
"Iran, Islamic Rep.",IRN,battle_deaths,Best Estimates of yearly battledeaths in civil wars. ,0,0,0,0,0,0,"653,8607","653,8607","653,8607",0,0,0,0,0,0,0,0,0,0,"6218,142","4318,798","1706,247","7108,211","5984,944","5984,944","653,8607","1634,714","1634,714","3919,744",0,50,"200,2058",100,100,0,0,27,35,0,25,50,115,0,0,0,28,57,72,121
Iraq,IRQ,battle_deaths,Best Estimates of yearly battledeaths in civil wars. ,0,"6612,338","6612,412","6953,425","3637,91","3709,443","3709,443","3637,91","3638,563","3710,096","3638,563",0,0,"653,8607","7628,848","7628,848","653,8607","653,8607","653,8607","653,8607","5502,579","5502,652","6156,513","6156,513","6156,513","5502,652","5502,652","6156,513","130609,2","34,46815","653,8607","39307,49","676,5237","1307,721","653,8607","1154,375","1154,375",0,0,0,0,0,0,0,20284,21615,35071,33266,13766
Ireland,IRL,battle_deaths,Best Estimates of yearly battledeaths in civil wars. ,0,0,0,0,0,0,0,0,0,0,0,0,0,0,0,0,0,0,0,0,0,0,0,0,0,0,0,0,0,0,0,0,0,0,0,0,0,0,0,0,0,0,0,0,0,0,0,0,0
Isle of Man,IMY,battle_deaths,Best Estimates of yearly battledeaths in civil wars. ,0,0,0,0,0,0,0,0,0,0,0,0,0,0,0,0,0,0,0,0,0,0,0,0,0,0,0,0,0,0,0,0,0,0,0,0,0,0,0,0,0,0,0,0,0,0,0,0,0
Israel,ISR,battle_deaths,Best Estimates of yearly battledeaths in civil wars. ,256,256,256,256,256,256,256,256,256,256,256,256,257,257,257,257,257,257,257,257,257,257,257,257,257,257,257,257,322,336,197,163,197,311,151,174,80,100,50,25,658,1451,390,767,927,240,1986,726,486
Italy,ITA,battle_deaths,Best Estimates of yearly battledeaths in civil wars. ,0,0,0,0,0,0,0,0,0,0,0,0,0,0,0,0,0,0,0,0,0,0,0,0,0,0,0,0,0,0,0,0,0,0,0,0,0,0,0,0,0,0,0,0,0,0,0,0,0
Jamaica,JAM,battle_deaths,Best Estimates of yearly battledeaths in civil wars. ,0,0,0,0,0,0,0,0,0,0,0,0,0,0,0,0,0,0,0,0,0,0,0,0,0,0,0,0,0,0,0,0,0,0,0,0,0,0,0,0,0,0,0,0,0,0,0,0,0
Japan,JPN,battle_deaths,Best Estimates of yearly battledeaths in civil wars. ,0,0,0,0,0,0,0,0,0,0,0,0,0,0,0,0,0,0,0,0,0,0,0,0,0,0,0,0,0,0,0,0,0,0,0,0,0,0,0,0,0,0,0,0,0,0,0,0,0
Jordan,JOR,battle_deaths,Best Estimates of yearly battledeaths in civil wars. ,0,0,0,0,0,0,0,0,0,0,0,0,0,0,0,0,0,0,0,0,0,0,0,0,0,0,0,0,0,0,0,0,0,0,0,0,0,0,0,0,0,0,0,0,0,0,0,0,0
Kazakhstan,KAZ,battle_deaths,Best Estimates of yearly battledeaths in civil wars. ,0,0,0,0,0,0,0,0,0,0,0,0,0,0,0,0,0,0,0,0,0,0,0,0,0,0,0,0,0,0,0,0,0,0,0,0,0,0,0,0,0,0,0,0,0,0,0,0,0
Kenya,KEN,battle_deaths,Best Estimates of yearly battledeaths in civil wars. ,0,0,0,0,0,0,0,0,0,0,0,0,0,0,0,0,0,0,0,0,0,0,318,0,0,0,0,0,0,0,0,0,0,0,0,0,0,0,0,0,0,0,0,0,0,0,0,0,0
Kiribati,KIR,battle_deaths,Best Estimates of yearly battledeaths in civil wars. ,0,0,0,0,0,0,0,0,0,0,0,0,0,0,0,0,0,0,0,0,0,0,0,0,0,0,0,0,0,0,0,0,0,0,0,0,0,0,0,0,0,0,0,0,0,0,0,0,0
"Korea, Dem. Rep.",PRK,battle_deaths,Best Estimates of yearly battledeaths in civil wars. ,0,0,0,0,0,0,0,0,0,0,0,0,0,0,0,0,0,0,0,0,0,0,0,0,0,0,0,0,0,0,0,0,0,0,0,0,0,0,0,0,0,0,0,0,0,0,0,0,0
"Korea, Rep.",KOR,battle_deaths,Best Estimates of yearly battledeaths in civil wars. ,0,0,0,0,0,0,0,0,0,0,0,0,0,0,0,0,0,0,0,0,0,0,0,0,0,0,0,0,0,0,0,0,0,0,0,0,0,0,0,0,0,0,0,0,0,0,0,0,0
Kosovo,KSV,battle_deaths,Best Estimates of yearly battledeaths in civil wars. ,0,0,0,0,0,0,0,0,0,0,0,0,0,0,0,0,0,0,0,0,0,0,0,0,0,0,0,0,0,0,0,0,0,0,0,0,0,0,0,0,0,0,0,0,0,0,0,0,0
Kuwait,KWT,battle_deaths,Best Estimates of yearly battledeaths in civil wars. ,0,0,0,0,0,0,0,0,0,0,0,0,0,0,0,0,0,0,0,0,0,0,0,0,0,0,0,0,0,0,0,0,0,0,0,0,0,0,0,0,0,0,0,0,0,0,0,0,0
Kyrgyz Republic,KGZ,battle_deaths,Best Estimates of yearly battledeaths in civil wars. ,0,0,0,0,0,0,0,0,0,0,0,0,0,0,0,0,0,0,0,0,0,0,0,0,0,0,0,0,0,0,0,0,0,0,0,0,0,0,0,0,0,0,0,0,0,0,0,0,0
Lao PDR,LAO,battle_deaths,Best Estimates of yearly battledeaths in civil wars. ,"1161,384","1161,384",0,"1991,952","1991,952","1992,025","1992,025","1992,677","1992,677","1992,677","1992,677","1992,677","1992,677","1992,677",0,0,0,0,0,0,0,0,0,0,0,0,0,0,0,30,25,0,0,0,0,0,0,0,0,0,0,0,0,0,0,0,0,0,0
Latvia,LVA,battle_deaths,Best Estimates of yearly battledeaths in civil wars. ,0,0,0,0,0,0,0,0,0,0,0,0,0,0,0,0,0,0,0,0,0,0,0,0,0,0,0,0,0,0,0,0,0,0,0,0,0,0,0,0,0,0,0,0,0,0,0,0,0
Lebanon,LBN,battle_deaths,Best Estimates of yearly battledeaths in civil wars. ,0,0,0,0,0,0,0,0,0,0,0,0,0,0,0,9500,62000,..,..,..,..,..,34200,6000,6000,6000,6000,..,..,7150,7150,0,0,0,0,0,0,0,0,0,0,0,0,0,0,0,0,0,0
Lesotho,LSO,battle_deaths,Best Estimates of yearly battledeaths in civil wars. ,0,0,0,0,0,0,0,0,0,0,0,0,0,0,0,0,0,0,0,0,0,0,0,0,0,0,0,0,0,0,0,0,0,0,0,0,0,0,114,0,0,0,0,0,0,0,0,0,0
Liberia,LBR,battle_deaths,Best Estimates of yearly battledeaths in civil wars. ,0,0,0,0,0,0,0,0,0,0,0,0,0,0,0,0,0,0,0,0,27,0,0,0,0,0,0,0,0,100,9900,"653,8607","3336,764","1307,193","328,1738","653,8607",0,0,0,0,"161,1184","165,227",500,1661,0,0,0,0,0
Libya,LBY,battle_deaths,Best Estimates of yearly battledeaths in civil wars. ,0,0,0,0,0,0,0,0,0,0,0,0,0,0,0,0,0,0,0,0,0,0,0,0,0,0,0,0,0,0,0,0,0,0,0,0,0,0,0,0,0,0,0,0,0,0,0,0,0
Liechtenstein,LIE,battle_deaths,Best Estimates of yearly battledeaths in civil wars. ,0,0,0,0,0,0,0,0,0,0,0,0,0,0,0,0,0,0,0,0,0,0,0,0,0,0,0,0,0,0,0,0,0,0,0,0,0,0,0,0,0,0,0,0,0,0,0,0,0
Lithuania,LTU,battle_deaths,Best Estimates of yearly battledeaths in civil wars. ,0,0,0,0,0,0,0,0,0,0,0,0,0,0,0,0,0,0,0,0,0,0,0,0,0,0,0,0,0,0,0,0,0,0,0,0,0,0,0,0,0,0,0,0,0,0,0,0,0
Luxembourg,LUX,battle_deaths,Best Estimates of yearly battledeaths in civil wars. ,0,0,0,0,0,0,0,0,0,0,0,0,0,0,0,0,0,0,0,0,0,0,0,0,0,0,0,0,0,0,0,0,0,0,0,0,0,0,0,0,0,0,0,0,0,0,0,0,0
"Macao, China",MAC,battle_deaths,Best Estimates of yearly battledeaths in civil wars. ,0,0,0,0,0,0,0,0,0,0,0,0,0,0,0,0,0,0,0,0,0,0,0,0,0,0,0,0,0,0,0,0,0,0,0,0,0,0,0,0,0,0,0,0,0,0,0,0,0
"Macedonia, FYR",MKD,battle_deaths,Best Estimates of yearly battledeaths in civil wars. ,0,0,0,0,0,0,0,0,0,0,0,0,0,0,0,0,0,0,0,0,0,0,0,0,0,0,0,0,0,0,0,0,0,0,0,0,0,0,0,0,0,122,0,0,0,0,0,0,0
Madagascar,MDG,battle_deaths,Best Estimates of yearly battledeaths in civil wars. ,0,0,0,0,0,0,0,0,0,0,0,128,0,0,0,0,0,0,0,0,0,0,0,0,0,0,0,0,0,0,0,0,0,0,0,0,0,0,0,0,0,0,0,0,0,0,0,0,0
Malawi,MWI,battle_deaths,Best Estimates of yearly battledeaths in civil wars. ,0,0,0,0,0,0,0,0,0,0,0,0,0,0,0,0,0,0,0,0,0,0,0,0,0,0,0,0,0,0,0,0,0,0,0,0,0,0,0,0,0,0,0,0,0,0,0,0,0
Malaysia,MYS,battle_deaths,Best Estimates of yearly battledeaths in civil wars. ,13,0,0,"653,8607","653,8607","653,8607","653,8607",0,0,0,0,0,0,0,100,156,0,0,0,0,0,100,0,0,0,0,0,0,0,0,0,0,0,0,0,0,0,0,0,0,0,0,0,0,0,0,0,0,0
Maldives,MDV,battle_deaths,Best Estimates of yearly battledeaths in civil wars. ,0,0,0,0,0,0,0,0,0,0,0,0,0,0,0,0,0,0,0,0,0,0,0,0,0,0,0,0,0,0,0,0,0,0,0,0,0,0,0,0,0,0,0,0,0,0,0,0,0
Mali,MLI,battle_deaths,Best Estimates of yearly battledeaths in civil wars. ,0,0,0,0,0,0,0,0,0,0,0,0,0,0,0,0,0,0,0,0,0,0,0,0,0,0,0,0,0,0,150,0,0,0,150,0,0,0,0,0,0,0,0,0,0,0,0,39,58
Malta,MLT,battle_deaths,Best Estimates of yearly battledeaths in civil wars. ,0,0,0,0,0,0,0,0,0,0,0,0,0,0,0,0,0,0,0,0,0,0,0,0,0,0,0,0,0,0,0,0,0,0,0,0,0,0,0,0,0,0,0,0,0,0,0,0,0
Marshall Islands,MHL,battle_deaths,Best Estimates of yearly battledeaths in civil wars. ,0,0,0,0,0,0,0,0,0,0,0,0,0,0,0,0,0,0,0,0,0,0,0,0,0,0,0,0,0,0,0,0,0,0,0,0,0,0,0,0,0,0,0,0,0,0,0,0,0
Mauritania,MRT,battle_deaths,Best Estimates of yearly battledeaths in civil wars. ,0,0,0,0,0,0,0,0,0,0,0,0,0,0,0,"653,8607","653,8607","653,8607","653,8607",0,0,0,0,0,0,0,0,0,0,0,0,0,0,0,0,0,0,0,0,0,0,0,0,0,0,0,0,0,0
Mauritius,MUS,battle_deaths,Best Estimates of yearly battledeaths in civil wars. ,0,0,0,0,0,0,0,0,0,0,0,0,0,0,0,0,0,0,0,0,0,0,0,0,0,0,0,0,0,0,0,0,0,0,0,0,0,0,0,0,0,0,0,0,0,0,0,0,0
Mayotte,MYT,battle_deaths,Best Estimates of yearly battledeaths in civil wars. ,0,0,0,0,0,0,0,0,0,0,0,0,0,0,0,0,0,0,0,0,0,0,0,0,0,0,0,0,0,0,0,0,0,0,0,0,0,0,0,0,0,0,0,0,0,0,0,0,0
Mexico,MEX,battle_deaths,Best Estimates of yearly battledeaths in civil wars. ,0,0,0,0,0,0,0,0,0,0,0,0,0,0,0,0,0,0,0,0,0,0,0,0,0,0,0,0,0,0,0,0,0,0,110,0,34,0,0,0,0,0,0,0,0,0,0,0,0
"Micronesia, Fed. Sts.",FSM,battle_deaths,Best Estimates of yearly battledeaths in civil wars. ,0,0,0,0,0,0,0,0,0,0,0,0,0,0,0,0,0,0,0,0,0,0,0,0,0,0,0,0,0,0,0,0,0,0,0,0,0,0,0,0,0,0,0,0,0,0,0,0,0
Moldova,MDA,battle_deaths,Best Estimates of yearly battledeaths in civil wars. ,0,0,0,0,0,0,0,0,0,0,0,0,0,0,0,0,0,0,0,0,0,0,0,0,0,0,0,0,0,0,0,0,700,0,0,0,0,0,0,0,0,0,0,0,0,0,0,0,0
Monaco,MCO,battle_deaths,Best Estimates of yearly battledeaths in civil wars. ,0,0,0,0,0,0,0,0,0,0,0,0,0,0,0,0,0,0,0,0,0,0,0,0,0,0,0,0,0,0,0,0,0,0,0,0,0,0,0,0,0,0,0,0,0,0,0,0,0
Mongolia,MNG,battle_deaths,Best Estimates of yearly battledeaths in civil wars. ,0,0,0,0,0,0,0,0,0,0,0,0,0,0,0,0,0,0,0,0,0,0,0,0,0,0,0,0,0,0,0,0,0,0,0,0,0,0,0,0,0,0,0,0,0,0,0,0,0
Montenegro,MNE,battle_deaths,Best Estimates of yearly battledeaths in civil wars. ,0,0,0,0,0,0,0,0,0,0,0,0,0,0,0,0,0,0,0,0,0,0,0,0,0,0,0,0,0,0,0,0,0,0,0,0,0,0,0,0,0,0,0,0,0,0,0,0,0
Morocco,MAR,battle_deaths,Best Estimates of yearly battledeaths in civil wars. ,0,0,0,0,0,0,0,0,0,0,0,264,0,0,0,1300,1300,1300,1300,1300,1300,606,606,607,607,607,607,650,390,520,0,0,0,0,0,0,0,0,0,0,0,0,0,0,0,0,0,0,0
Mozambique,MOZ,battle_deaths,Best Estimates of yearly battledeaths in civil wars. ,0,0,0,0,"2617,304","2617,377","2653,988","2653,988","2653,988","2654,64","2654,64","2654,64","2783,401","2783,401","2654,64",0,0,"653,8607","653,8607","653,8607","653,8607","6599,507","6599,507","6599,507",26000,26000,26000,26000,3000,2500,"1052,386","6599,507","6599,507",0,0,0,0,0,0,0,0,0,0,0,0,0,0,0,0
Myanmar,MMR,battle_deaths,Best Estimates of yearly battledeaths in civil wars. ,"3289,626","6626,39","6626,39","6626,39","11918,18","11918,18","11918,18","11918,18","17863,89","17863,89","17863,89","11264,39","11918,25","11918,25","11264,39","11264,39","9235,346","9235,346","9235,346","3289,7","3289,7","4073,567","4073,567","4008,952","4008,952","4008,952","4008,952","4008,952","8447,823","1263,502","3340,198","3336,53","9934,202","653,8607","7907,229","1307,721","1965,617","1441,926","1307,721","1307,721","806,2161","1307,721",230,31,0,105,158,129,66
Namibia,NAM,battle_deaths,Best Estimates of yearly battledeaths in civil wars. ,0,0,0,0,0,0,0,0,0,0,0,0,0,0,0,0,0,0,0,0,0,0,0,0,0,0,0,0,0,0,0,0,0,0,0,0,0,0,0,0,0,0,0,0,0,0,0,0,0
Nepal,NPL,battle_deaths,Best Estimates of yearly battledeaths in civil wars. ,25,114,111,0,0,0,0,0,0,0,0,0,0,0,0,0,0,0,0,0,0,0,0,0,0,0,0,0,0,0,0,0,0,0,0,0,100,100,250,159,260,429,3947,2105,2451,1848,480,0,0
Netherlands,NLD,battle_deaths,Best Estimates of yearly battledeaths in civil wars. ,0,0,0,0,0,0,0,0,0,0,0,0,0,0,0,0,0,0,0,0,0,0,0,0,0,0,0,0,0,0,0,0,0,0,0,0,0,0,0,0,0,0,0,0,0,0,0,0,0
Netherlands Antilles,ANT,battle_deaths,Best Estimates of yearly battledeaths in civil wars. ,0,0,0,0,0,0,0,0,0,0,0,0,0,0,0,0,0,0,0,0,0,0,0,0,0,0,0,0,0,0,0,0,0,0,0,0,0,0,0,0,0,0,0,0,0,0,0,0,0
New Caledonia,NCL,battle_deaths,Best Estimates of yearly battledeaths in civil wars. ,0,0,0,0,0,0,0,0,0,0,0,0,0,0,0,0,0,0,0,0,0,0,0,0,0,0,0,0,0,0,0,0,0,0,0,0,0,0,0,0,0,0,0,0,0,0,0,0,0
New Zealand,NZL,battle_deaths,Best Estimates of yearly battledeaths in civil wars. ,0,0,0,0,0,0,0,0,0,0,0,0,0,0,0,0,0,0,0,0,0,0,0,0,0,0,0,0,0,0,0,0,0,0,0,0,0,0,0,0,0,0,0,0,0,0,0,0,0
Nicaragua,NIC,battle_deaths,Best Estimates of yearly battledeaths in civil wars. ,0,0,0,0,0,0,0,0,0,0,0,0,0,0,0,0,0,0,2500,7500,0,200,200,3600,5500,5900,4900,6200,2900,600,0,0,0,0,0,0,0,0,0,0,0,0,0,0,0,0,0,0,0
Niger,NER,battle_deaths,Best Estimates of yearly battledeaths in civil wars. ,0,0,0,0,0,0,0,0,0,0,0,0,0,0,0,0,0,0,0,0,0,0,0,0,0,0,0,0,0,0,0,40,"132,37",0,400,0,29,"727,3505",0,0,0,0,0,0,0,0,0,81,47
Nigeria,NGA,battle_deaths,Best Estimates of yearly battledeaths in civil wars. ,0,0,0,0,0,0,20,14516,29032,29032,2420,0,0,0,0,0,0,0,0,0,0,0,0,0,0,0,0,0,0,0,0,0,0,0,0,0,0,0,0,0,0,0,0,0,124,0,0,0,0
Northern Mariana Islands,MNP,battle_deaths,Best Estimates of yearly battledeaths in civil wars. ,0,0,0,0,0,0,0,0,0,0,0,0,0,0,0,0,0,0,0,0,0,0,0,0,0,0,0,0,0,0,0,0,0,0,0,0,0,0,0,0,0,0,0,0,0,0,0,0,0
Norway,NOR,battle_deaths,Best Estimates of yearly battledeaths in civil wars. ,0,0,0,0,0,0,0,0,0,0,0,0,0,0,0,0,0,0,0,0,0,0,0,0,0,0,0,0,0,0,0,0,0,0,0,0,0,0,0,0,0,0,0,0,0,0,0,0,0
Oman,OMN,battle_deaths,Best Estimates of yearly battledeaths in civil wars. ,0,0,0,0,0,0,0,0,0,0,0,0,239,240,240,240,0,0,0,0,0,0,0,0,0,0,0,0,0,0,0,0,0,0,0,0,0,0,0,0,0,0,0,0,0,0,0,0,0
Pakistan,PAK,battle_deaths,Best Estimates of yearly battledeaths in civil wars. ,0,0,0,0,0,0,0,0,0,0,0,"166838,2",0,0,2150,2150,2150,2150,0,0,0,0,0,0,0,0,0,0,0,0,"199,1787",0,0,0,0,1700,500,0,0,0,0,0,0,0,99,175,454,3714,6665
Palau,PLW,battle_deaths,Best Estimates of yearly battledeaths in civil wars. ,0,0,0,0,0,0,0,0,0,0,0,0,0,0,0,0,0,0,0,0,0,0,0,0,0,0,0,0,0,0,0,0,0,0,0,0,0,0,0,0,0,0,0,0,0,0,0,0,0
Panama,PAN,battle_deaths,Best Estimates of yearly battledeaths in civil wars. ,0,0,0,0,0,0,0,0,0,0,0,0,0,0,0,0,0,0,0,0,0,0,0,0,0,0,0,0,0,75,0,0,0,0,0,0,0,0,0,0,0,0,0,0,0,0,0,0,0
Papua New Guinea,PNG,battle_deaths,Best Estimates of yearly battledeaths in civil wars. ,0,0,0,0,0,0,0,0,0,0,0,0,0,0,0,0,0,0,0,0,0,0,0,0,0,0,0,0,0,44,100,0,56,40,25,35,89,0,0,0,0,0,0,0,0,0,0,0,0
Paraguay,PRY,battle_deaths,Best Estimates of yearly battledeaths in civil wars. ,0,0,0,0,0,0,0,0,0,0,0,0,0,0,0,0,0,0,0,0,0,0,0,0,0,0,0,0,0,100,0,0,0,0,0,0,0,0,0,0,0,0,0,0,0,0,0,0,0
Peru,PER,battle_deaths,Best Estimates of yearly battledeaths in civil wars. ,0,0,0,0,0,138,..,0,0,0,0,0,0,0,0,0,0,0,0,0,0,..,482,1887,3418,1168,772,952,1233,2013,1485,1192,1718,1129,314,428,211,130,92,54,0,0,0,0,0,0,0,38,36
Philippines,PHL,battle_deaths,Best Estimates of yearly battledeaths in civil wars. ,0,0,0,0,0,0,0,0,0,"1265,405","4734,938","4734,938","4734,938","4734,938","4734,938","4735,011","4735,011","4735,085","4773,896","4735,085","4735,085","4773,896","4745,209","4745,209","4745,209","4745,209","4746,515","4746,515","4451,112","828,7411","1060,5667","1067,06","1568,003","662,8185","786,2307","169,0392","68,9363","133,9184",100,"720,2291","832,1331","735,1169",566,1091,334,418,430,465,562
Poland,POL,battle_deaths,Best Estimates of yearly battledeaths in civil wars. ,0,0,0,0,0,0,0,0,0,0,0,0,0,0,0,0,0,0,0,0,0,0,0,0,0,0,0,0,0,0,0,0,0,0,0,0,0,0,0,0,0,0,0,0,0,0,0,0,0
Portugal,PRT,battle_deaths,Best Estimates of yearly battledeaths in civil wars. ,0,0,0,0,0,0,0,0,0,0,0,0,0,0,0,0,0,0,0,0,0,0,0,0,0,0,0,0,0,0,0,0,0,0,0,0,0,0,0,0,0,0,0,0,0,0,0,0,0
Puerto Rico,PRI,battle_deaths,Best Estimates of yearly battledeaths in civil wars. ,0,0,0,0,0,0,0,0,0,0,0,0,0,0,0,0,0,0,0,0,0,0,0,0,0,0,0,0,0,0,0,0,0,0,0,0,0,0,0,0,0,0,0,0,0,0,0,0,0
Qatar,QAT,battle_deaths,Best Estimates of yearly battledeaths in civil wars. ,0,0,0,0,0,0,0,0,0,0,0,0,0,0,0,0,0,0,0,0,0,0,0,0,0,0,0,0,0,0,0,0,0,0,0,0,0,0,0,0,0,0,0,0,0,0,0,0,0
Romania,ROM,battle_deaths,Best Estimates of yearly battledeaths in civil wars. ,0,0,0,0,0,0,0,0,0,0,0,0,0,0,0,0,0,0,0,0,0,0,0,0,0,0,0,0,0,909,0,0,0,0,0,0,0,0,0,0,0,0,0,0,0,0,0,0,0
Russian Federation,RUS,battle_deaths,Best Estimates of yearly battledeaths in civil wars. ,0,0,0,0,0,0,0,0,0,0,0,0,0,0,0,0,0,0,0,0,0,0,0,0,0,0,0,0,0,0,420,500,0,193,500,30000,16000,0,0,15100,14500,5000,5000,2000,2000,2000,350,357,339
Rwanda,RWA,battle_deaths,Best Estimates of yearly battledeaths in civil wars. ,0,0,0,0,0,0,0,0,0,0,0,0,0,0,0,0,0,0,0,0,0,0,0,0,0,0,0,0,0,0,2000,3200,3200,1600,"653,8607",0,0,3000,6000,1000,2000,1000,800,0,0,0,0,0,0
Samoa,WSM,battle_deaths,Best Estimates of yearly battledeaths in civil wars. ,0,0,0,0,0,0,0,0,0,0,0,0,0,0,0,0,0,0,0,0,0,0,0,0,0,0,0,0,0,0,0,0,0,0,0,0,0,0,0,0,0,0,0,0,0,0,0,0,0
San Marino,SMR,battle_deaths,Best Estimates of yearly battledeaths in civil wars. ,0,0,0,0,0,0,0,0,0,0,0,0,0,0,0,0,0,0,0,0,0,0,0,0,0,0,0,0,0,0,0,0,0,0,0,0,0,0,0,0,0,0,0,0,0,0,0,0,0
Sao Tome and Principe,STP,battle_deaths,Best Estimates of yearly battledeaths in civil wars. ,0,0,0,0,0,0,0,0,0,0,0,0,0,0,0,0,0,0,0,0,0,0,0,0,0,0,0,0,0,0,0,0,0,0,0,0,0,0,0,0,0,0,0,0,0,0,0,0,0
Saudi Arabia,SAU,battle_deaths,Best Estimates of yearly battledeaths in civil wars. ,0,0,0,0,0,0,0,0,0,0,0,0,0,0,0,0,0,0,0,269,0,0,0,0,0,0,0,0,0,0,0,0,0,0,0,0,0,0,0,0,0,0,0,0,0,0,0,0,0
Senegal,SEN,battle_deaths,Best Estimates of yearly battledeaths in civil wars. ,0,0,0,0,0,0,0,0,0,0,0,0,0,0,0,0,0,0,0,0,0,0,0,0,0,0,0,0,0,0,100,0,104,180,0,142,0,200,363,..,54,90,0,40,0,0,0,0,0
Serbia,SRB,battle_deaths,Best Estimates of yearly battledeaths in civil wars. ,0,0,0,0,0,0,0,0,0,0,0,0,0,0,0,0,0,0,0,0,0,0,0,0,0,0,0,0,0,0,0,..,0,0,0,0,0,0,..,..,0,0,0,0,0,0,0,0,0
Seychelles,SYC,battle_deaths,Best Estimates of yearly battledeaths in civil wars. ,0,0,0,0,0,0,0,0,0,0,0,0,0,0,0,0,0,0,0,0,0,0,0,0,0,0,0,0,0,0,0,0,0,0,0,0,0,0,0,0,0,0,0,0,0,0,0,0,0
Sierra Leone,SLE,battle_deaths,Best Estimates of yearly battledeaths in civil wars. ,0,0,0,0,0,0,0,0,0,0,0,0,0,0,0,0,0,0,0,0,0,0,0,0,0,0,0,0,0,0,0,200,600,600,600,1000,274,413,2063,8250,212,0,0,0,0,0,0,0,0
Singapore,SGP,battle_deaths,Best Estimates of yearly battledeaths in civil wars. ,0,0,0,0,0,0,0,0,0,0,0,0,0,0,0,0,0,0,0,0,0,0,0,0,0,0,0,0,0,0,0,0,0,0,0,0,0,0,0,0,0,0,0,0,0,0,0,0,0
Slovak Republic,SVK,battle_deaths,Best Estimates of yearly battledeaths in civil wars. ,0,0,0,0,0,0,0,0,0,0,0,0,0,0,0,0,0,0,0,0,0,0,0,0,0,0,0,0,0,0,0,0,0,0,0,0,0,0,0,0,0,0,0,0,0,0,0,0,0
Slovenia,SVN,battle_deaths,Best Estimates of yearly battledeaths in civil wars. ,0,0,0,0,0,0,0,0,0,0,0,0,0,0,0,0,0,0,0,0,0,0,0,0,0,0,0,0,0,0,0,0,0,0,0,0,0,0,0,0,0,0,0,0,0,0,0,0,0
Solomon Islands,SLB,battle_deaths,Best Estimates of yearly battledeaths in civil wars. ,0,0,0,0,0,0,0,0,0,0,0,0,0,0,0,0,0,0,0,0,0,0,0,0,0,0,0,0,0,0,0,0,0,0,0,0,0,0,0,0,0,0,0,0,0,0,0,0,0
Somalia,SOM,battle_deaths,Best Estimates of yearly battledeaths in civil wars. ,0,0,0,0,0,0,0,0,0,0,0,0,0,0,0,0,0,0,520,0,0,..,"653,8607","653,8607","653,8607",..,"653,8607","653,8607",11666,11667,11667,"17050,66","2830,82","3917,909","3917,909",500,"3938,085",0,0,0,0,"268,4084",96,0,0,0,547,1589,1483
South Africa,ZAF,battle_deaths,Best Estimates of yearly battledeaths in civil wars. ,0,0,0,0,0,0,"714,3856","715,0382","715,1116","715,1116","715,1116","715,1116","715,1116","715,1116","715,1116","715,1116","715,1116","715,1116","715,1116","715,1116","782,8299","849,2793","849,2793","849,2793","780,0419","3453,121","3395,381","1436,691","1436,691",0,0,0,0,0,0,0,0,0,0,0,0,0,0,0,0,0,0,0,0
Spain,ESP,battle_deaths,Best Estimates of yearly battledeaths in civil wars. ,0,0,0,0,0,0,0,0,0,0,0,0,0,0,0,0,0,0,0,0,91,30,0,0,0,0,0,52,0,0,0,46,26,0,0,0,0,0,0,0,0,0,0,0,0,0,0,0,0
Sri Lanka,LKA,battle_deaths,Best Estimates of yearly battledeaths in civil wars. ,0,0,0,0,0,0,0,0,0,0,0,1260,0,0,0,0,0,0,0,0,0,0,0,..,1666,1667,1667,2000,3000,6000,4025,6000,4000,2000,1500,5000,3000,4000,4000,3500,4000,1000,0,59,0,109,4126,4369,11144
St. Kitts and Nevis,KNA,battle_deaths,Best Estimates of yearly battledeaths in civil wars. ,0,0,0,0,0,0,0,0,0,0,0,0,0,0,0,0,0,0,0,0,0,0,0,0,0,0,0,0,0,0,0,0,0,0,0,0,0,0,0,0,0,0,0,0,0,0,0,0,0
St. Lucia,LCA,battle_deaths,Best Estimates of yearly battledeaths in civil wars. ,0,0,0,0,0,0,0,0,0,0,0,0,0,0,0,0,0,0,0,0,0,0,0,0,0,0,0,0,0,0,0,0,0,0,0,0,0,0,0,0,0,0,0,0,0,0,0,0,0
St. Vincent and the Grenadines,VCT,battle_deaths,Best Estimates of yearly battledeaths in civil wars. ,0,0,0,0,0,0,0,0,0,0,0,0,0,0,0,0,0,0,0,0,0,0,0,0,0,0,0,0,0,0,0,0,0,0,0,0,0,0,0,0,0,0,0,0,0,0,0,0,0
Sudan,SDN,battle_deaths,Best Estimates of yearly battledeaths in civil wars. ,0,0,0,"3663,103","3663,103","3663,103","3663,103","3663,103","3663,103","3663,103","3663,103","4316,964","3663,103",0,0,0,300,0,0,0,0,0,0,4111,4111,4111,4111,4111,4111,4111,4111,4112,2000,500,500,1000,2000,1286,2828,1053,2150,2834,2021,2375,603,161,1002,217,"999,9678"
Suriname,SUR,battle_deaths,Best Estimates of yearly battledeaths in civil wars. ,0,0,0,0,0,0,0,0,0,0,0,0,0,0,0,0,0,0,0,0,0,0,0,0,0,0,66,67,67,0,0,0,0,0,0,0,0,0,0,0,0,0,0,0,0,0,0,0,0
Swaziland,SWZ,battle_deaths,Best Estimates of yearly battledeaths in civil wars. ,0,0,0,0,0,0,0,0,0,0,0,0,0,0,0,0,0,0,0,0,0,0,0,0,0,0,0,0,0,0,0,0,0,0,0,0,0,0,0,0,0,0,0,0,0,0,0,0,0
Sweden,SWE,battle_deaths,Best Estimates of yearly battledeaths in civil wars. ,0,0,0,0,0,0,0,0,0,0,0,0,0,0,0,0,0,0,0,0,0,0,0,0,0,0,0,0,0,0,0,0,0,0,0,0,0,0,0,0,0,0,0,0,0,0,0,0,0
Switzerland,CHE,battle_deaths,Best Estimates of yearly battledeaths in civil wars. ,0,0,0,0,0,0,0,0,0,0,0,0,0,0,0,0,0,0,0,0,0,0,0,0,0,0,0,0,0,0,0,0,0,0,0,0,0,0,0,0,0,0,0,0,0,0,0,0,0
Syrian Arab Republic,SYR,battle_deaths,Best Estimates of yearly battledeaths in civil wars. ,0,0,0,0,0,0,200,0,0,0,0,0,0,0,0,0,0,0,0,"653,8607","653,8607","653,8607","16463,71",0,0,0,0,0,0,0,0,0,0,0,0,0,0,0,0,0,0,0,0,0,0,0,0,0,0
"Taiwan, China",TWN,battle_deaths,Best Estimates of yearly battledeaths in civil wars. ,0,0,0,0,0,0,0,0,0,0,0,0,0,0,0,0,0,0,0,0,0,0,0,0,0,0,0,0,0,0,0,0,0,0,0,0,0,0,0,0,0,0,0,0,0,0,0,0,0
Tajikistan,TJK,battle_deaths,Best Estimates of yearly battledeaths in civil wars. ,0,0,0,0,0,0,0,0,0,0,0,0,0,0,0,0,0,0,0,0,0,0,0,0,0,0,0,0,0,0,0,0,10000,16000,3200,500,300,0,200,0,0,0,0,0,0,0,0,0,0
Tanzania,TZA,battle_deaths,Best Estimates of yearly battledeaths in civil wars. ,0,0,0,0,0,0,0,0,0,0,0,0,0,0,0,0,0,0,0,0,0,0,0,0,0,0,0,0,0,0,0,0,0,0,0,0,0,0,0,0,0,0,0,0,0,0,0,0,0
Thailand,THA,battle_deaths,Best Estimates of yearly battledeaths in civil wars. ,0,0,0,0,0,0,0,0,0,0,0,0,0,0,"654,9612","653,8607","691,9385","691,9385","691,9385","691,9385",822,"675,1373","655,4748",0,0,0,0,0,0,0,0,0,0,0,0,0,0,0,0,0,0,0,0,27,500,580,278,452,230
Timor-Leste,TMP,battle_deaths,Best Estimates of yearly battledeaths in civil wars. ,0,0,0,0,0,0,0,0,0,0,0,0,0,0,0,0,0,0,0,0,0,0,0,0,0,0,0,0,0,0,0,0,0,0,0,0,0,0,0,0,0,0,0,0,0,0,0,0,0
Togo,TGO,battle_deaths,Best Estimates of yearly battledeaths in civil wars. ,0,0,0,0,0,0,0,0,0,0,0,0,0,0,0,0,0,0,0,0,0,0,0,0,0,0,30,0,0,0,0,"231,5192",0,0,0,0,0,0,0,0,0,0,0,0,0,0,0,0,0
Tonga,TON,battle_deaths,Best Estimates of yearly battledeaths in civil wars. ,0,0,0,0,0,0,0,0,0,0,0,0,0,0,0,0,0,0,0,0,0,0,0,0,0,0,0,0,0,0,0,0,0,0,0,0,0,0,0,0,0,0,0,0,0,0,0,0,0
Trinidad and Tobago,TTO,battle_deaths,Best Estimates of yearly battledeaths in civil wars. ,0,0,0,0,0,0,0,0,0,0,0,0,0,0,0,0,0,0,0,0,0,0,0,0,0,0,0,0,0,0,30,0,0,0,0,0,0,0,0,0,0,0,0,0,0,0,0,0,0
Tunisia,TUN,battle_deaths,Best Estimates of yearly battledeaths in civil wars. ,0,0,0,0,0,0,0,0,0,0,0,0,0,0,0,0,0,0,0,0,"655,0346",0,0,0,0,0,0,0,0,0,0,0,0,0,0,0,0,0,0,0,0,0,0,0,0,0,0,0,0
Turkey,TUR,battle_deaths,Best Estimates of yearly battledeaths in civil wars. ,0,0,0,0,0,0,0,0,0,0,0,0,0,0,0,0,0,0,0,0,0,0,0,0,173,173,173,173,173,845,845,"793,3228","2884,81",4100,5250,7000,5250,4200,2100,"870,4932","268,4084","132,0032",50,83,166,454,210,424,580
Turkmenistan,TKM,battle_deaths,Best Estimates of yearly battledeaths in civil wars. ,0,0,0,0,0,0,0,0,0,0,0,0,0,0,0,0,0,0,0,0,0,0,0,0,0,0,0,0,0,0,0,0,0,0,0,0,0,0,0,0,0,0,0,0,0,0,0,0,0
Uganda,UGA,battle_deaths,Best Estimates of yearly battledeaths in civil wars. ,0,0,0,0,0,0,0,0,0,0,0,"66,73528",200,0,71,0,0,0,1923,1924,14857,14857,14857,14857,14857,14857,14858,2000,1000,1000,"653,8607",1000,"653,8607",0,250,250,500,250,800,"654,5134","663,0317",283,1032,624,1624,770,292,144,0
Ukraine,UKR,battle_deaths,Best Estimates of yearly battledeaths in civil wars. ,0,0,0,0,0,0,0,0,0,0,0,0,0,0,0,0,0,0,0,0,0,0,0,0,0,0,0,0,0,0,0,0,0,0,0,0,0,0,0,0,0,0,0,0,0,0,0,0,0
United Arab Emirates,ARE,battle_deaths,Best Estimates of yearly battledeaths in civil wars. ,0,0,0,0,0,0,0,0,0,0,0,0,0,0,0,0,0,0,0,0,0,0,0,0,0,0,0,0,0,0,0,0,0,0,0,0,0,0,0,0,0,0,0,0,0,0,0,0,0
United Kingdom,GBR,battle_deaths,Best Estimates of yearly battledeaths in civil wars. ,0,0,0,0,0,0,0,0,0,0,0,171,479,253,294,260,295,111,81,121,80,113,110,85,69,57,61,98,104,75,81,96,0,0,0,0,0,0,55,0,0,0,0,0,0,0,0,0,0
United States,USA,battle_deaths,Best Estimates of yearly battledeaths in civil wars. ,0,0,0,0,0,0,0,0,0,0,0,0,0,0,0,0,0,0,0,0,0,0,0,0,0,0,0,0,0,0,0,0,0,0,0,0,0,0,0,0,0,0,0,0,0,0,0,0,0
Uruguay,URY,battle_deaths,Best Estimates of yearly battledeaths in civil wars. ,0,0,0,0,0,0,0,0,0,0,0,0,111,0,0,0,0,0,0,0,0,0,0,0,0,0,0,0,0,0,0,0,0,0,0,0,0,0,0,0,0,0,0,0,0,0,0,0,0
Uzbekistan,UZB,battle_deaths,Best Estimates of yearly battledeaths in civil wars. ,0,0,0,0,0,0,0,0,0,0,0,0,0,0,0,0,0,0,0,0,0,0,0,0,0,0,0,0,0,0,0,0,0,0,0,0,0,0,0,56,200,0,0,0,47,0,0,0,0
Vanuatu,VUT,battle_deaths,Best Estimates of yearly battledeaths in civil wars. ,0,0,0,0,0,0,0,0,0,0,0,0,0,0,0,0,0,0,0,0,0,0,0,0,0,0,0,0,0,0,0,0,0,0,0,0,0,0,0,0,0,0,0,0,0,0,0,0,0
"Venezuela, RB",VEN,battle_deaths,Best Estimates of yearly battledeaths in civil wars. ,0,0,400,0,0,0,0,0,0,0,0,0,0,0,0,0,0,0,0,0,0,0,26,0,0,0,0,0,0,0,0,0,"128,2444",0,0,0,0,0,0,0,0,0,0,0,0,0,0,0,0
Vietnam,VNM,battle_deaths,Best Estimates of yearly battledeaths in civil wars. ,..,..,..,..,..,0,0,0,0,0,0,0,0,0,0,0,0,0,0,0,0,0,0,0,0,0,0,0,0,0,0,0,0,0,0,0,0,0,0,0,0,0,0,0,0,0,0,0,0
Virgin Islands (U.S.),VIR,battle_deaths,Best Estimates of yearly battledeaths in civil wars. ,0,0,0,0,0,0,0,0,0,0,0,0,0,0,0,0,0,0,0,0,0,0,0,0,0,0,0,0,0,0,0,0,0,0,0,0,0,0,0,0,0,0,0,0,0,0,0,0,0
West Bank and Gaza,WBG,battle_deaths,Best Estimates of yearly battledeaths in civil wars. ,0,0,0,0,0,0,0,0,0,0,0,0,0,0,0,0,0,0,0,0,0,0,0,0,0,0,0,0,0,0,0,0,0,0,0,0,0,0,0,0,0,0,0,0,0,0,0,0,0
"Yemen, Rep.",YEM,battle_deaths,Best Estimates of yearly battledeaths in civil wars. ,0,0,..,..,..,..,..,..,..,..,..,0,0,0,0,0,0,0,0,0,..,..,..,0,0,0,..,0,0,0,0,0,0,0,"4678,806",0,0,0,0,0,0,0,0,0,0,0,0,0,0
Zambia,ZMB,battle_deaths,Best Estimates of yearly battledeaths in civil wars. ,0,0,0,0,0,0,0,0,0,0,0,0,0,0,0,0,0,0,0,0,0,0,0,0,0,0,0,0,0,0,0,0,0,0,0,0,0,0,0,0,0,0,0,0,0,0,0,0,0
Zimbabwe,ZWE,battle_deaths,Best Estimates of yearly battledeaths in civil wars. ,0,0,0,0,0,0,0,29,51,0,0,0,..,503,503,504,2162,3924,10007,9397,0,0,0,0,0,0,0,0,0,0,0,0,0,0,0,0,0,0,0,0,0,0,0,0,0,0,0,0,0
